tourney_id,tourney_name,surface,draw_size,tourney_level,tourney_date,match_num,winner_id,winner_seed,winner_entry,winner_name,winner_hand,winner_ht,winner_ioc,winner_age,loser_id,loser_seed,loser_entry,loser_name,loser_hand,loser_ht,loser_ioc,loser_age,score,best_of,round,minutes,w_ace,w_df,w_svpt,w_1stIn,w_1stWon,w_2ndWon,w_SvGms,w_bpSaved,w_bpFaced,l_ace,l_df,l_svpt,l_1stIn,l_1stWon,l_2ndWon,l_SvGms,l_bpSaved,l_bpFaced,winner_rank,winner_rank_points,loser_rank,loser_rank_points
2005-410,Monte Carlo Masters,Clay,64,M,20050411,13,104745,11,,Rafael Nadal,L,185,ESP,18.85557837,104792,,WC,Gael Monfils,R,193,FRA,18.6091718,6-3 6-2,3,R64,84,0,0,55,38,24,9,9,4,6,1,0,52,27,15,8,8,3,8,17,1340,106,406
2005-410,Monte Carlo Masters,Clay,64,M,20050411,39,104745,11,,Rafael Nadal,L,185,ESP,18.85557837,103598,,,Xavier Malisse,R,185,BEL,24.72826831,6-0 6-3,3,R32,62,0,0,43,28,22,12,8,1,1,1,2,36,20,11,6,7,0,4,17,1340,38,933
2005-410,Monte Carlo Masters,Clay,64,M,20050411,52,104745,11,,Rafael Nadal,L,185,ESP,18.85557837,103694,,,Olivier Rochus,R,168,BEL,24.22724162,6-1 6-2,3,R16,64,0,1,38,28,22,6,7,2,3,0,2,49,25,10,10,8,3,9,17,1340,42,921
2005-410,Monte Carlo Masters,Clay,64,M,20050411,58,104745,11,,Rafael Nadal,L,185,ESP,18.85557837,103292,4,,Gaston Gaudio,R,175,ARG,26.33812457,6-3 6-0,3,QF,62,2,1,40,34,28,4,8,0,0,1,4,42,26,13,6,7,1,5,17,1340,6,2220
2005-410,Monte Carlo Masters,Clay,64,M,20050411,61,104745,11,,Rafael Nadal,L,185,ESP,18.85557837,104755,,Q,Richard Gasquet,R,185,FRA,18.81451061,6-7(6) 6-4 6-3,3,SF,165,2,3,112,79,44,16,16,9,14,2,1,115,57,31,27,15,5,12,17,1340,101,420
2005-410,Monte Carlo Masters,Clay,64,M,20050411,63,104745,11,,Rafael Nadal,L,185,ESP,18.85557837,103909,6,,Guillermo Coria,R,175,ARG,23.24161533,6-3 6-1 0-6 7-5,5,F,189,3,0,120,89,52,17,17,11,16,1,3,110,65,40,17,17,13,20,17,1340,9,2045
2005-416,Rome Masters,Clay,64,M,20050502,25,104745,5,,Rafael Nadal,L,185,ESP,18.91307324,104022,,,Mikhail Youzhny,R,183,RUS,22.85284052,6-0 6-2,3,R64,60,1,2,41,24,19,10,7,1,2,1,1,40,28,12,3,7,3,9,7,2100,26,1185
2005-416,Rome Masters,Clay,64,M,20050502,45,104745,5,,Rafael Nadal,L,185,ESP,18.91307324,103812,,Q,Victor Hanescu,R,198,ROU,23.78097194,6-1 6-1,3,R32,63,0,2,42,25,19,10,7,1,1,0,2,44,29,14,4,7,2,7,7,2100,85,465
2005-416,Rome Masters,Clay,64,M,20050502,55,104745,5,,Rafael Nadal,L,185,ESP,18.91307324,103084,11,,Guillermo Canas,R,185,ARG,27.43326489,6-3 6-1,3,R16,84,1,1,45,36,28,5,8,0,0,1,0,51,31,14,11,8,5,9,7,2100,13,1675
2005-416,Rome Masters,Clay,64,M,20050502,60,104745,5,,Rafael Nadal,L,185,ESP,18.91307324,103285,15,,Radek Stepanek,R,185,CZE,26.42847365,5-7 6-1 6-1,3,QF,129,0,0,78,58,42,10,13,2,4,2,3,82,51,30,13,13,5,11,7,2100,17,1330
2005-416,Rome Masters,Clay,64,M,20050502,62,104745,5,,Rafael Nadal,L,185,ESP,18.91307324,103970,,,David Ferrer,R,175,ESP,23.08281999,4-6 6-4 7-5,3,SF,149,0,0,102,71,43,16,16,1,7,2,4,82,51,31,14,16,2,9,7,2100,25,1210
2005-416,Rome Masters,Clay,64,M,20050502,63,104745,5,,Rafael Nadal,L,185,ESP,18.91307324,103909,9,,Guillermo Coria,R,175,ARG,23.2991102,6-4 3-6 6-3 4-6 7-6(6),5,F,314,1,3,176,119,70,26,25,8,17,3,7,202,148,85,23,25,11,20,7,2100,11,1915
2005-425,Barcelona,Clay,56,A,20050418,32,104745,8,,Rafael Nadal,L,185,ESP,18.87474333,104180,,,Gilles Muller,L,193,LUX,21.94387406,6-0 6-2,3,R32,54,2,2,45,29,24,9,7,4,4,2,1,41,22,12,5,7,3,8,11,1800,64,601
2005-425,Barcelona,Clay,56,A,20050418,44,104745,8,,Rafael Nadal,L,185,ESP,18.87474333,103103,10,,Dominik Hrbaty,R,183,SVK,27.28542094,6-1 6-2,3,R16,79,2,0,53,40,28,7,8,5,6,0,1,52,28,11,11,7,5,10,11,1800,25,1176
2005-425,Barcelona,Clay,56,A,20050418,50,104745,8,,Rafael Nadal,L,185,ESP,18.87474333,102860,,,Agustin Calleri,R,183,ARG,28.59137577,6-2 3-0 RET,3,QF,53,1,0,31,22,17,6,5,0,0,2,0,40,24,12,4,6,2,6,11,1800,99,440
2005-425,Barcelona,Clay,56,A,20050418,53,104745,8,,Rafael Nadal,L,185,ESP,18.87474333,103285,11,,Radek Stepanek,R,185,CZE,26.39014374,7-5 6-2,3,SF,80,1,0,47,34,31,9,10,0,0,7,3,63,41,28,8,10,2,5,11,1800,22,1200
2005-425,Barcelona,Clay,56,A,20050418,55,104745,8,,Rafael Nadal,L,185,ESP,18.87474333,103507,,,Juan Carlos Ferrero,R,183,ESP,25.18001369,6-1 7-6(4) 6-3,5,F,176,6,1,113,86,60,15,15,8,9,1,6,99,66,44,13,13,7,11,11,1800,58,685
2005-506,Buenos Aires,Clay,32,A,20050207,13,104745,7,,Rafael Nadal,L,185,ESP,18.68309377,102860,,,Agustin Calleri,R,183,ARG,28.39972621,7-6(2) 6-3,3,R32,99,0,0,62,46,34,13,11,0,0,8,2,64,35,26,16,10,0,1,48,790,61,615
2005-506,Buenos Aires,Clay,32,A,20050207,23,104745,7,,Rafael Nadal,L,185,ESP,18.68309377,103808,,,Potito Starace,R,188,ITA,23.57015743,6-1 6-3,3,R16,76,1,1,43,30,26,5,8,2,3,2,1,71,44,24,9,8,13,18,48,790,66,569
2005-520,Roland Garros,Clay,128,G,20050523,17,104745,4,,Rafael Nadal,L,185,ESP,18.9705681,102694,,,Lars Burgsmuller,R,183,GER,29.46201232,6-1 7-6(4) 6-1,5,R128,105,5,3,77,48,42,19,14,0,0,3,4,89,50,33,19,12,4,8,5,2600,96,426
2005-520,Roland Garros,Clay,128,G,20050523,73,104745,4,,Rafael Nadal,L,185,ESP,18.9705681,103598,,,Xavier Malisse,R,185,BEL,24.84325804,6-2 6-2 6-4,5,R64,111,0,2,65,33,26,21,13,0,2,2,3,82,46,28,12,13,7,14,5,2600,46,833
2005-520,Roland Garros,Clay,128,G,20050523,101,104745,4,,Rafael Nadal,L,185,ESP,18.9705681,104755,30,,Richard Gasquet,R,185,FRA,18.92950034,6-4 6-3 6-2,5,R32,109,3,0,71,47,32,16,13,1,3,2,4,73,46,24,12,14,3,10,5,2600,31,1050
2005-520,Roland Garros,Clay,128,G,20050523,115,104745,4,,Rafael Nadal,L,185,ESP,18.9705681,103206,23,,Sebastien Grosjean,R,175,FRA,26.98425736,6-4 3-6 6-0 6-3,5,R16,191,0,2,106,73,50,18,17,5,8,2,2,114,70,42,20,17,5,12,5,2600,24,1200
2005-520,Roland Garros,Clay,128,G,20050523,122,104745,4,,Rafael Nadal,L,185,ESP,18.9705681,103970,20,,David Ferrer,R,175,ESP,23.14031485,7-5 6-2 6-0,5,QF,128,3,0,92,66,43,16,13,10,12,1,2,80,52,28,9,13,2,10,5,2600,21,1225
2005-520,Roland Garros,Clay,128,G,20050523,125,104745,4,,Rafael Nadal,L,185,ESP,18.9705681,103819,1,,Roger Federer,R,185,SUI,23.78918549,6-3 4-6 6-4 6-3,5,SF,167,2,4,120,88,54,16,19,6,12,3,5,119,74,47,17,19,4,13,5,2600,1,6605
2005-520,Roland Garros,Clay,128,G,20050523,127,104745,4,,Rafael Nadal,L,185,ESP,18.9705681,103264,,,Mariano Puerta,L,180,ARG,26.67488022,6-7(6) 6-3 6-1 7-5,5,F,204,7,3,137,108,73,12,20,11,14,4,2,137,83,53,23,20,10,18,5,2600,37,927
2005-506,Buenos Aires,Clay,32,A,20050207,28,103292,2,,Gaston Gaudio,R,175,ARG,26.16563997,104745,7,,Rafael Nadal,L,185,ESP,18.68309377,0-6 6-0 6-1,3,QF,103,6,1,65,37,22,17,10,6,9,3,2,74,52,28,8,9,12,17,8,2095,48,790
2006-410,Monte Carlo Masters,Clay,64,M,20060417,32,104745,2,,Rafael Nadal,L,185,ESP,19.87132101,103096,,,Arnaud Clement,R,173,FRA,28.33127995,6-4 6-4,3,R64,96,0,1,64,48,30,11,10,6,8,2,5,57,32,20,10,10,1,5,2,4135,56,691
2006-410,Monte Carlo Masters,Clay,64,M,20060417,48,104745,2,,Rafael Nadal,L,185,ESP,19.87132101,103444,,WC,Jean Rene Lisnard,R,173,MON,26.55989049,6-4 6-1,3,R32,88,0,1,48,34,25,8,8,3,4,0,3,54,22,13,13,9,6,11,2,4135,154,257
2006-410,Monte Carlo Masters,Clay,64,M,20060417,56,104745,2,,Rafael Nadal,L,185,ESP,19.87132101,104019,,,Kristof Vliegen,R,193,BEL,23.81930185,6-3 6-3,3,R16,105,2,2,61,50,33,5,9,2,3,0,0,60,34,18,12,9,4,8,2,4135,57,679
2006-410,Monte Carlo Masters,Clay,64,M,20060417,60,104745,2,,Rafael Nadal,L,185,ESP,19.87132101,103909,6,,Guillermo Coria,R,175,ARG,24.25735797,6-2 6-1,3,QF,70,4,0,43,33,21,6,7,6,8,0,8,53,36,12,6,8,6,13,2,4135,9,1690
2006-410,Monte Carlo Masters,Clay,64,M,20060417,62,104745,2,,Rafael Nadal,L,185,ESP,19.87132101,103292,7,,Gaston Gaudio,R,175,ARG,27.35386721,5-7 6-1 6-1,3,SF,159,0,1,80,52,35,15,13,5,8,0,3,96,54,30,16,13,13,20,2,4135,8,1865
2006-410,Monte Carlo Masters,Clay,64,M,20060417,63,104745,2,,Rafael Nadal,L,185,ESP,19.87132101,103819,1,,Roger Federer,R,185,SUI,24.6899384,6-2 6-7(2) 6-3 7-6(5),5,F,230,1,4,152,106,70,24,21,14,18,3,3,143,86,54,28,20,7,14,2,4135,1,6810
2006-416,Rome Masters,Clay,64,M,20060508,32,104745,2,,Rafael Nadal,L,185,ESP,19.92881588,102845,,,Carlos Moya,R,190,ESP,29.69472964,6-1 2-6 6-2,3,R64,114,1,2,70,57,37,7,11,2,4,0,2,73,48,32,9,12,5,10,2,4135,33,920
2006-416,Rome Masters,Clay,64,M,20060508,48,104745,2,,Rafael Nadal,L,185,ESP,19.92881588,103835,,,Filippo Volandri,R,183,ITA,24.67077344,6-1 6-2,3,R32,71,0,1,52,34,27,9,8,4,4,1,1,36,28,10,5,7,2,6,2,4135,46,796
2006-416,Rome Masters,Clay,64,M,20060508,56,104745,2,,Rafael Nadal,L,185,ESP,19.92881588,102450,,,Tim Henman,R,185,GBR,31.66872005,6-2 6-2,3,R16,71,1,0,41,32,25,7,8,0,0,5,1,51,34,19,7,8,0,4,2,4135,70,570
2006-416,Rome Masters,Clay,64,M,20060508,60,104745,2,,Rafael Nadal,L,185,ESP,19.92881588,103602,10,,Fernando Gonzalez,R,183,CHI,25.77412731,6-4 6-3,3,QF,102,0,1,53,45,31,4,9,2,4,3,1,72,41,22,15,10,5,10,2,4135,9,1640
2006-416,Rome Masters,Clay,64,M,20060508,62,104745,2,,Rafael Nadal,L,185,ESP,19.92881588,104792,,,Gael Monfils,R,193,FRA,19.68240931,6-2 6-2,3,SF,77,0,0,51,39,24,7,8,2,3,0,4,46,25,13,7,8,2,7,2,4135,35,904
2006-416,Rome Masters,Clay,64,M,20060508,63,104745,2,,Rafael Nadal,L,185,ESP,19.92881588,103819,1,,Roger Federer,R,185,SUI,24.74743326,6-7(0) 7-6(5) 6-4 2-6 7-6(5),5,F,305,4,1,173,147,101,14,27,6,10,10,0,180,112,86,35,27,6,9,2,4135,1,7160
2006-425,Barcelona,Clay,56,A,20060424,25,104745,1,,Rafael Nadal,L,185,ESP,19.89048597,103852,,,Feliciano Lopez,L,188,ESP,24.59137577,6-4 6-2,3,R32,74,1,1,48,32,21,12,9,2,4,6,3,54,32,20,7,9,2,7,2,4335,38,850
2006-425,Barcelona,Clay,56,A,20060424,41,104745,1,,Rafael Nadal,L,185,ESP,19.89048597,103868,,Q,Ivan Navarro,R,183,ESP,24.5119781,6-4 6-2,3,R16,89,0,1,57,39,29,11,9,1,1,3,4,59,30,20,14,9,4,7,2,4335,164,244
2006-425,Barcelona,Clay,56,A,20060424,49,104745,1,,Rafael Nadal,L,185,ESP,19.89048597,103813,7,,Jarkko Nieminen,L,185,FIN,24.75290897,4-6 6-4 6-3,3,QF,138,1,1,83,58,39,12,14,5,9,2,2,90,57,36,12,15,7,13,2,4335,20,1425
2006-425,Barcelona,Clay,56,A,20060424,53,104745,1,,Rafael Nadal,L,185,ESP,19.89048597,104597,,,Nicolas Almagro,R,183,ESP,20.67351129,7-6(2) 6-3,3,SF,100,5,1,68,48,38,10,11,1,2,7,2,62,29,23,15,10,2,4,2,4335,57,669
2006-425,Barcelona,Clay,56,A,20060424,55,104745,1,,Rafael Nadal,L,185,ESP,19.89048597,103990,6,,Tommy Robredo,R,180,ESP,23.98083504,6-4 6-4 6-0,5,F,139,2,4,85,61,44,15,13,3,3,3,0,85,58,33,14,13,3,8,2,4335,15,1525
2006-520,Roland Garros,Clay,128,G,20060529,64,104745,2,,Rafael Nadal,L,185,ESP,19.98631075,104417,,,Robin Soderling,R,193,SWE,21.78781656,6-2 7-5 6-1,5,R128,128,1,3,81,56,42,12,13,5,7,2,1,100,73,37,11,14,14,22,2,4545,50,778
2006-520,Roland Garros,Clay,128,G,20060529,96,104745,2,,Rafael Nadal,L,185,ESP,19.98631075,103240,,LL,Kevin Kim,R,180,USA,27.84120465,6-2 6-1 6-4,5,R64,118,2,0,76,56,41,15,13,3,3,2,1,89,53,31,16,12,10,15,2,4545,116,370
2006-520,Roland Garros,Clay,128,G,20060529,112,104745,2,,Rafael Nadal,L,185,ESP,19.98631075,103908,29,,Paul Henri Mathieu,R,185,FRA,24.37508556,5-7 6-4 6-4 6-4,5,R32,293,6,1,129,88,54,23,21,7,13,4,5,168,108,62,27,21,21,29,2,4545,32,920
2006-520,Roland Garros,Clay,128,G,20060529,120,104745,2,,Rafael Nadal,L,185,ESP,19.98631075,103720,14,,Lleyton Hewitt,R,180,AUS,25.25667351,6-2 5-7 6-4 6-2,5,R16,197,1,4,113,79,53,21,19,5,9,4,6,121,62,42,22,19,13,21,2,4545,14,1580
2006-520,Roland Garros,Clay,128,G,20060529,124,104745,2,,Rafael Nadal,L,185,ESP,19.98631075,104925,,,Novak Djokovic,R,188,SRB,19.01984942,6-4 6-4 RET,5,QF,114,3,0,59,47,30,7,10,3,6,2,3,67,49,27,4,10,2,7,2,4545,63,627
2006-520,Roland Garros,Clay,128,G,20060529,126,104745,2,,Rafael Nadal,L,185,ESP,19.98631075,103344,4,,Ivan Ljubicic,R,193,CRO,27.19507187,6-4 6-2 7-6(7),5,SF,169,7,0,95,65,51,17,15,1,2,10,5,104,61,42,22,15,5,9,2,4545,4,2610
2006-520,Roland Garros,Clay,128,G,20060529,127,104745,2,,Rafael Nadal,L,185,ESP,19.98631075,103819,1,,Roger Federer,R,185,SUI,24.80492813,1-6 6-1 6-4 7-6(4),5,F,182,3,0,111,85,59,17,18,7,10,8,1,119,72,49,25,18,8,12,2,4545,1,7010
2007-410,Monte Carlo Masters,Clay,56,M,20070415,40,104745,2,,Rafael Nadal,L,185,ESP,20.8678987,103428,,,Juan Ignacio Chela,R,190,ARG,27.62765229,6-3 6-1,3,R32,87,0,1,54,31,23,12,8,1,2,0,5,58,31,18,10,8,6,11,2,4875,22,1125
2007-410,Monte Carlo Masters,Clay,56,M,20070415,48,104745,2,,Rafael Nadal,L,185,ESP,20.8678987,104019,,,Kristof Vliegen,R,193,BEL,24.81587953,6-1 6-1,3,R16,62,0,0,44,30,18,9,7,2,4,0,4,34,17,4,2,7,2,9,2,4875,52,675
2007-410,Monte Carlo Masters,Clay,56,M,20070415,52,104745,2,,Rafael Nadal,L,185,ESP,20.8678987,104259,,Q,Philipp Kohlschreiber,R,178,GER,23.49897331,6-2 6-3,3,QF,77,4,0,50,30,23,15,9,2,2,1,2,48,22,10,16,8,5,8,2,4875,59,615
2007-410,Monte Carlo Masters,Clay,56,M,20070415,54,104745,2,,Rafael Nadal,L,185,ESP,20.8678987,104607,10,,Tomas Berdych,R,196,CZE,21.57700205,6-0 7-5,3,SF,83,2,1,50,24,17,20,9,0,0,1,3,52,30,16,10,9,0,4,2,4875,14,1715
2007-410,Monte Carlo Masters,Clay,56,M,20070415,55,104745,2,,Rafael Nadal,L,185,ESP,20.8678987,103819,1,,Roger Federer,R,185,SUI,25.68651608,6-4 6-4,3,F,95,1,1,66,52,38,8,10,3,3,3,4,66,36,26,13,10,6,8,2,4875,1,7290
2007-416,Rome Masters,Clay,56,M,20070507,40,104745,2,,Rafael Nadal,L,185,ESP,20.92539357,103110,,WC,Daniele Bracciali,R,180,ITA,29.31964408,6-4 6-2,3,R32,92,4,1,50,31,23,11,9,2,3,6,2,58,37,23,6,9,3,7,2,4875,125,342
2007-416,Rome Masters,Clay,56,M,20070507,48,104745,2,,Rafael Nadal,L,185,ESP,20.92539357,104022,15,,Mikhail Youzhny,R,183,RUS,24.86516085,6-2 6-2,3,R16,86,1,0,41,28,21,11,8,0,0,3,1,66,41,24,9,8,10,14,2,4875,16,1645
2007-416,Rome Masters,Clay,56,M,20070507,52,104745,2,,Rafael Nadal,L,185,ESP,20.92539357,104925,5,,Novak Djokovic,R,188,SRB,19.95893224,6-2 6-3,3,QF,101,2,2,46,34,28,5,8,1,1,1,1,67,48,27,6,9,8,12,2,4875,5,2720
2007-416,Rome Masters,Clay,56,M,20070507,54,104745,2,,Rafael Nadal,L,185,ESP,20.92539357,103786,4,,Nikolay Davydenko,R,178,RUS,25.92744695,7-6(3) 6-7(8) 6-4,3,SF,219,4,3,115,78,49,15,17,5,12,3,4,129,97,52,13,17,7,15,2,4875,4,2805
2007-416,Rome Masters,Clay,56,M,20070507,55,104745,2,,Rafael Nadal,L,185,ESP,20.92539357,103602,6,,Fernando Gonzalez,R,183,CHI,26.770705,6-2 6-2,3,F,84,2,1,44,35,27,4,8,1,2,4,2,58,40,23,4,8,6,11,2,4875,6,2535
2007-425,Barcelona,Clay,56,A,20070423,25,104745,1,,Rafael Nadal,L,185,ESP,20.88706366,104019,,,Kristof Vliegen,R,193,BEL,24.83504449,6-1 6-2,3,R32,71,0,0,32,19,17,11,7,0,0,0,0,47,31,19,3,8,3,8,2,4875,53,675
2007-425,Barcelona,Clay,56,A,20070423,41,104745,1,,Rafael Nadal,L,185,ESP,20.88706366,102563,,,Thomas Johansson,R,180,SWE,32.08213552,6-1 6-4,3,R16,70,1,1,37,27,26,6,8,0,0,6,4,66,36,24,10,9,6,10,2,4875,73,534
2007-425,Barcelona,Clay,56,A,20070423,49,104745,1,,Rafael Nadal,L,185,ESP,20.88706366,103808,,,Potito Starace,R,188,ITA,25.77412731,6-2 7-5,3,QF,102,2,0,64,47,30,12,10,3,4,1,1,61,50,28,5,10,0,4,2,4875,72,539
2007-425,Barcelona,Clay,56,A,20070423,53,104745,1,,Rafael Nadal,L,185,ESP,20.88706366,103970,5,,David Ferrer,R,175,ESP,25.0568104,7-5 6-1,3,SF,95,0,1,53,41,26,7,9,1,3,0,0,65,40,25,7,10,5,11,2,4875,16,1615
2007-425,Barcelona,Clay,56,A,20070423,55,104745,1,,Rafael Nadal,L,185,ESP,20.88706366,103084,12,,Guillermo Canas,R,185,ARG,29.4072553,6-3 6-4,3,F,101,2,0,53,40,33,8,10,2,2,5,1,63,36,25,15,9,2,4,2,4875,28,1007
2007-520,Roland Garros,Clay,128,G,20070528,64,104745,2,,Rafael Nadal,L,185,ESP,20.98288843,105223,,,Juan Martin del Potro,R,198,ARG,18.67488022,7-5 6-3 6-2,5,R128,139,1,2,78,49,37,15,14,6,9,0,3,95,67,34,14,15,12,20,2,5225,59,608
2007-520,Roland Garros,Clay,128,G,20070528,96,104745,2,,Rafael Nadal,L,185,ESP,20.98288843,104262,,Q,Flavio Cipolla,R,173,ITA,23.60301164,6-2 6-1 6-4,5,R64,113,4,4,73,55,43,6,13,2,4,0,2,82,56,27,12,12,3,10,2,5225,227,171
2007-520,Roland Garros,Clay,128,G,20070528,112,104745,2,,Rafael Nadal,L,185,ESP,20.98288843,103656,,,Albert Montanes,R,175,ESP,26.49965777,6-1 6-3 6-2,5,R32,141,3,1,80,55,40,16,12,9,9,3,13,126,64,41,21,12,13,19,2,5225,50,715
2007-520,Roland Garros,Clay,128,G,20070528,120,104745,2,,Rafael Nadal,L,185,ESP,20.98288843,103720,14,,Lleyton Hewitt,R,180,AUS,26.2532512,6-3 6-1 7-6(5),5,R16,141,4,1,87,62,48,11,14,4,6,8,3,82,47,31,12,14,3,9,2,5225,16,1540
2007-520,Roland Garros,Clay,128,G,20070528,124,104745,2,,Rafael Nadal,L,185,ESP,20.98288843,102845,23,,Carlos Moya,R,190,ESP,30.74880219,6-4 6-3 6-0,5,QF,122,0,0,72,54,38,12,12,3,4,2,3,89,50,29,15,13,5,12,2,5225,26,1080
2007-520,Roland Garros,Clay,128,G,20070528,126,104745,2,,Rafael Nadal,L,185,ESP,20.98288843,104925,6,,Novak Djokovic,R,188,SRB,20.0164271,7-5 6-4 6-2,5,SF,148,3,1,86,61,45,15,15,4,6,3,1,95,68,39,10,15,3,9,2,5225,6,2810
2007-520,Roland Garros,Clay,128,G,20070528,127,104745,2,,Rafael Nadal,L,185,ESP,20.98288843,103819,1,,Roger Federer,R,185,SUI,25.80150582,6-3 4-6 6-3 6-4,5,F,190,2,1,137,106,74,17,19,16,17,9,1,118,76,50,23,19,6,10,2,5225,1,7515
2008-410,Monte Carlo Masters,Clay,56,M,20080420,40,104745,2,,Rafael Nadal,L,185,ESP,21.88364134,104339,,WC,Mario Ancic,R,196,CRO,24.06023272,6-0 6-3,3,R32,76,1,0,40,35,25,4,8,0,1,3,5,53,27,13,9,7,3,8,2,5455,55,640
2008-410,Monte Carlo Masters,Clay,56,M,20080420,48,104745,2,,Rafael Nadal,L,185,ESP,21.88364134,103507,13,,Juan Carlos Ferrero,R,183,ESP,28.1889117,6-4 6-1,3,R16,106,3,0,51,34,23,9,9,0,2,1,0,67,36,19,14,8,10,15,2,5455,24,1165
2008-410,Monte Carlo Masters,Clay,56,M,20080420,52,104745,2,,Rafael Nadal,L,185,ESP,21.88364134,103970,5,,David Ferrer,R,175,ESP,26.05338809,6-1 7-5,3,QF,100,0,1,52,38,26,7,9,2,4,0,2,71,48,25,8,10,2,8,2,5455,5,2620
2008-410,Monte Carlo Masters,Clay,56,M,20080420,54,104745,2,,Rafael Nadal,L,185,ESP,21.88364134,103786,4,,Nikolay Davydenko,R,178,RUS,26.88569473,6-3 6-2,3,SF,101,0,1,54,37,22,12,8,4,5,0,5,60,37,20,7,9,2,7,2,5455,4,3290
2008-410,Monte Carlo Masters,Clay,56,M,20080420,55,104745,2,,Rafael Nadal,L,185,ESP,21.88364134,103819,1,,Roger Federer,R,185,SUI,26.70225873,7-5 7-5,3,F,103,1,2,63,51,32,5,12,1,5,5,0,75,47,28,8,12,1,7,2,5455,1,6425
2008-425,Barcelona,Clay,56,A,20080428,25,104745,1,,Rafael Nadal,L,185,ESP,21.9028063,103808,,,Potito Starace,R,188,ITA,26.78986995,6-4 6-2,3,R32,78,2,1,48,35,26,11,9,2,3,2,1,55,44,22,7,9,4,8,2,5655,45,760
2008-425,Barcelona,Clay,56,A,20080428,41,104745,1,,Rafael Nadal,L,185,ESP,21.9028063,103852,16,,Feliciano Lopez,L,188,ESP,26.6036961,6-4 6-3,3,R16,106,3,1,50,33,26,12,9,0,0,4,1,86,56,34,14,10,6,9,2,5655,35,925
2008-425,Barcelona,Clay,56,A,20080428,49,104745,1,,Rafael Nadal,L,185,ESP,21.9028063,103428,,,Juan Ignacio Chela,R,190,ARG,28.66255989,6-4 6-2,3,QF,102,0,0,51,34,27,6,9,0,1,0,2,70,44,23,15,9,7,11,2,5655,37,875
2008-425,Barcelona,Clay,56,A,20080428,53,104745,1,,Rafael Nadal,L,185,ESP,21.9028063,103823,,,Denis Gremelmayr,L,183,GER,26.69952088,6-1 6-0,3,SF,51,3,0,33,23,20,8,7,0,0,0,1,32,18,9,1,6,2,7,2,5655,85,490
2008-425,Barcelona,Clay,56,A,20080428,55,104745,1,,Rafael Nadal,L,185,ESP,21.9028063,103970,2,,David Ferrer,R,175,ESP,26.07255305,6-1 4-6 6-1,3,F,134,3,3,74,51,32,16,12,5,7,2,1,87,61,34,10,12,4,10,2,5655,5,2610
2008-520,Roland Garros,Clay,128,G,20080525,64,104745,2,,Rafael Nadal,L,185,ESP,21.97946612,105064,,Q,Thomaz Bellucci,L,188,BRA,20.40520192,7-5 6-3 6-1,5,R128,154,2,1,90,67,46,14,14,2,4,3,5,91,49,25,22,14,6,13,2,5585,76,520
2008-520,Roland Garros,Clay,128,G,20080525,96,104745,2,,Rafael Nadal,L,185,ESP,21.97946612,103534,,Q,Nicolas Devilder,L,173,FRA,28.16974675,6-4 6-0 6-1,5,R64,114,1,1,74,51,35,15,12,7,8,1,3,69,52,25,5,11,2,9,2,5585,148,311
2008-520,Roland Garros,Clay,128,G,20080525,112,104745,2,,Rafael Nadal,L,185,ESP,21.97946612,103813,26,,Jarkko Nieminen,L,185,FIN,26.84188912,6-1 6-3 6-1,5,R32,118,3,1,78,55,40,11,12,7,8,0,0,74,49,26,5,11,6,13,2,5585,26,1130
2008-520,Roland Garros,Clay,128,G,20080525,120,104745,2,,Rafael Nadal,L,185,ESP,21.97946612,104269,22,,Fernando Verdasco,L,188,ESP,24.5284052,6-1 6-0 6-2,5,R16,114,1,1,69,44,30,15,11,3,5,1,6,70,47,20,7,10,6,15,2,5585,23,1240
2008-520,Roland Garros,Clay,128,G,20080525,124,104745,2,,Rafael Nadal,L,185,ESP,21.97946612,104597,19,,Nicolas Almagro,R,183,ESP,22.76249144,6-1 6-1 6-1,5,QF,104,1,1,65,44,36,11,10,5,5,3,3,65,25,13,14,11,5,13,2,5585,20,1270
2008-520,Roland Garros,Clay,128,G,20080525,126,104745,2,,Rafael Nadal,L,185,ESP,21.97946612,104925,3,,Novak Djokovic,R,188,SRB,21.01300479,6-4 6-2 7-6(3),5,SF,169,0,0,98,71,47,19,15,4,6,2,1,100,54,31,27,15,9,14,2,5585,3,5225
2008-520,Roland Garros,Clay,128,G,20080525,127,104745,2,,Rafael Nadal,L,185,ESP,21.97946612,103819,1,,Roger Federer,R,185,SUI,26.7980835,6-1 6-3 6-0,5,F,108,0,0,67,50,35,11,11,3,4,2,0,77,53,26,5,11,9,17,2,5585,1,6675
2008-416,Rome Masters,Clay,56,M,20080505,40,103507,,,Juan Carlos Ferrero,R,183,ESP,28.22724162,104745,2,,Rafael Nadal,L,185,ESP,21.92197125,7-5 6-1,3,R32,114,3,2,65,38,27,18,10,5,5,1,1,55,33,21,12,9,3,6,23,1240,2,5930
2009-1536,Madrid Masters,Clay,56,M,20090510,25,104745,1,,Rafael Nadal,L,185,ESP,22.93771389,103781,,,Jurgen Melzer,L,183,AUT,27.96988364,6-3 6-1,3,R32,62,1,0,41,24,21,11,8,0,0,3,4,41,22,15,7,8,0,4,1,15360,27,1735
2009-1536,Madrid Masters,Clay,56,M,20090510,41,104745,1,,Rafael Nadal,L,185,ESP,22.93771389,104259,,,Philipp Kohlschreiber,R,178,GER,25.5687885,W/O,3,R16,,,,,,,,,,,,,,,,,,,,1,15360,35,1510
2009-1536,Madrid Masters,Clay,56,M,20090510,49,104745,1,,Rafael Nadal,L,185,ESP,22.93771389,104269,7,,Fernando Verdasco,L,188,ESP,25.48665298,6-4 7-5,3,QF,119,1,1,76,59,37,10,11,3,5,5,7,62,44,26,7,11,5,9,1,15360,8,3900
2009-1536,Madrid Masters,Clay,56,M,20090510,53,104745,1,,Rafael Nadal,L,185,ESP,22.93771389,104925,3,,Novak Djokovic,R,188,SRB,21.97125257,3-6 7-6(5) 7-6(9),3,SF,243,4,4,133,101,72,16,16,6,8,7,3,112,69,56,24,17,1,2,1,15360,4,8920
2009-410,Monte Carlo Masters,Clay,56,M,20090412,25,104745,1,,Rafael Nadal,L,185,ESP,22.86105407,103428,,,Juan Ignacio Chela,R,190,ARG,29.62080767,6-2 6-3,3,R32,86,2,3,55,31,22,13,9,5,7,0,5,47,23,13,10,8,4,9,1,14470,167,480
2009-410,Monte Carlo Masters,Clay,56,M,20090412,41,104745,1,,Rafael Nadal,L,185,ESP,22.86105407,102839,,Q,Nicolas Lapentti,R,188,ECU,32.66529774,6-3 6-0,3,R16,92,1,1,43,30,18,6,7,2,4,1,2,63,38,21,3,8,7,14,1,14470,98,863
2009-410,Monte Carlo Masters,Clay,56,M,20090412,49,104745,1,,Rafael Nadal,L,185,ESP,22.86105407,103344,,WC,Ivan Ljubicic,R,193,CRO,30.0698152,6-3 6-3,3,QF,73,2,1,52,37,29,7,9,0,1,4,0,43,22,17,8,9,2,6,1,14470,66,1061
2009-410,Monte Carlo Masters,Clay,56,M,20090412,53,104745,1,,Rafael Nadal,L,185,ESP,22.86105407,104918,4,,Andy Murray,R,190,GBR,21.9137577,6-2 7-6(4),3,SF,129,0,1,65,40,27,14,10,2,4,1,0,74,37,24,14,10,5,9,1,14470,4,8840
2009-410,Monte Carlo Masters,Clay,56,M,20090412,55,104745,1,,Rafael Nadal,L,185,ESP,22.86105407,104925,3,,Novak Djokovic,R,188,SRB,21.89459274,6-3 2-6 6-1,3,F,163,2,1,87,57,35,14,12,6,11,4,3,87,54,30,11,12,7,14,1,14470,3,9010
2009-416,Rome Masters,Clay,56,M,20090427,25,104745,1,,Rafael Nadal,L,185,ESP,22.89938398,104312,,,Andreas Seppi,R,190,ITA,25.18001369,6-2 6-3,3,R32,80,1,0,44,30,24,10,9,2,3,2,2,50,33,21,5,8,3,7,1,14890,37,1470
2009-416,Rome Masters,Clay,56,M,20090427,41,104745,1,,Rafael Nadal,L,185,ESP,22.89938398,104417,,,Robin Soderling,R,193,SWE,24.7008898,6-1 6-0,3,R16,84,1,2,51,29,18,15,6,5,5,3,2,52,27,11,8,7,2,8,1,14890,27,1800
2009-416,Rome Masters,Clay,56,M,20090427,49,104745,1,,Rafael Nadal,L,185,ESP,22.89938398,104269,6,,Fernando Verdasco,L,188,ESP,25.44832307,6-3 6-3,3,QF,111,0,0,60,42,27,11,9,5,6,0,5,55,36,20,9,9,2,6,1,14890,8,3870
2009-416,Rome Masters,Clay,56,M,20090427,53,104745,1,,Rafael Nadal,L,185,ESP,22.89938398,103602,12,,Fernando Gonzalez,R,183,CHI,28.74469541,6-3 6-3,3,SF,75,1,0,46,34,27,6,9,0,1,2,2,51,31,22,6,9,3,7,1,14890,13,3005
2009-416,Rome Masters,Clay,56,M,20090427,55,104745,1,,Rafael Nadal,L,185,ESP,22.89938398,104925,3,,Novak Djokovic,R,188,SRB,21.93292266,7-6(2) 6-2,3,F,123,0,1,70,50,34,11,10,2,4,0,2,66,39,23,13,10,1,5,1,14890,3,9160
2009-425,Barcelona,Clay,56,A,20090420,25,104745,1,,Rafael Nadal,L,185,ESP,22.88021903,104523,,Q,Frederico Gil,R,178,POR,24.07392197,6-2 6-2,3,R32,90,1,0,51,34,23,12,8,3,3,3,3,57,38,20,10,8,3,7,1,15390,75,976
2009-425,Barcelona,Clay,56,A,20090420,41,104745,1,,Rafael Nadal,L,185,ESP,22.88021903,103294,,,Christophe Rochus,R,170,BEL,30.34633812,6-2 6-0,3,R16,56,3,1,40,31,21,8,7,0,0,0,3,42,22,12,6,7,2,7,1,15390,61,1104
2009-425,Barcelona,Clay,56,A,20090420,49,104745,1,,Rafael Nadal,L,185,ESP,22.88021903,103900,7,,David Nalbandian,R,180,ARG,27.2991102,W/O,3,QF,,,,,,,,,,,,,,,,,,,,1,15390,15,2625
2009-425,Barcelona,Clay,56,A,20090420,53,104745,1,,Rafael Nadal,L,185,ESP,22.88021903,103786,3,,Nikolay Davydenko,R,178,RUS,27.88227242,6-3 6-2,3,SF,106,1,2,67,45,33,10,8,6,6,3,1,61,51,28,5,9,5,9,1,15390,8,3675
2009-425,Barcelona,Clay,56,A,20090420,55,104745,1,,Rafael Nadal,L,185,ESP,22.88021903,103970,4,,David Ferrer,R,175,ESP,27.04996578,6-2 7-5,3,F,106,1,1,65,38,24,15,10,4,7,1,4,60,33,16,12,10,7,13,1,15390,13,2865
2009-520,Roland Garros,Clay,128,G,20090525,1,104745,1,,Rafael Nadal,L,185,ESP,22.97604381,103228,,Q,Marcos Daniel,R,180,BRA,30.89117043,7-5 6-4 6-3,5,R128,143,3,0,82,62,42,13,15,4,7,4,1,93,52,32,17,16,4,11,1,14960,97,798
2009-520,Roland Garros,Clay,128,G,20090525,65,104745,1,,Rafael Nadal,L,185,ESP,22.97604381,104559,,,Teymuraz Gabashvili,R,188,RUS,24.0054757,6-1 6-4 6-2,5,R64,137,2,1,77,50,37,19,13,4,4,2,3,85,52,34,12,12,8,13,1,14960,72,951
2009-520,Roland Garros,Clay,128,G,20090525,97,104745,1,,Rafael Nadal,L,185,ESP,22.97604381,103720,,,Lleyton Hewitt,R,180,AUS,28.24640657,6-1 6-3 6-1,5,R32,111,7,0,66,50,38,10,12,2,3,2,2,75,46,26,9,11,6,13,1,14960,48,1190
2009-1536,Madrid Masters,Clay,56,M,20090510,55,103819,2,,Roger Federer,R,185,SUI,27.75633128,104745,1,,Rafael Nadal,L,185,ESP,22.93771389,6-4 6-4,3,F,86,6,3,67,42,29,17,10,4,4,1,1,54,43,32,5,10,0,2,2,10170,1,15360
2009-520,Roland Garros,Clay,128,G,20090525,113,104417,23,,Robin Soderling,R,193,SWE,24.77754962,104745,1,,Rafael Nadal,L,185,ESP,22.97604381,6-2 6-7(2) 6-4 7-6(2),5,R16,210,9,0,143,91,62,32,21,2,4,3,2,128,99,66,13,21,1,6,25,1775,1,14960
2010-410,Monte Carlo Masters,Clay,56,M,20100411,40,104745,2,,Rafael Nadal,L,185,ESP,23.85763176,105217,,Q,Thiemo De Bakker,R,193,NED,21.56057495,6-1 6-0,3,R32,60,2,1,42,24,18,12,7,3,3,0,4,34,14,6,4,6,1,6,3,6980,77,643
2010-410,Monte Carlo Masters,Clay,56,M,20100411,48,104745,2,,Rafael Nadal,L,185,ESP,23.85763176,103582,,,Michael Berrer,L,193,GER,29.77960301,6-0 6-1,3,R16,54,2,1,38,27,21,8,7,0,0,0,1,31,16,6,3,6,1,6,3,6980,51,860
2010-410,Monte Carlo Masters,Clay,56,M,20100411,52,104745,2,,Rafael Nadal,L,185,ESP,23.85763176,103507,9,,Juan Carlos Ferrero,R,183,ESP,30.16290212,6-4 6-2,3,QF,95,2,0,48,32,25,9,8,0,1,1,1,60,43,26,7,9,4,8,3,6980,16,2105
2010-410,Monte Carlo Masters,Clay,56,M,20100411,54,104745,2,,Rafael Nadal,L,185,ESP,23.85763176,103970,11,,David Ferrer,R,175,ESP,28.02737851,6-2 6-3,3,SF,75,2,2,50,35,23,8,8,2,4,1,2,48,29,15,7,9,3,9,3,6980,17,2045
2010-410,Monte Carlo Masters,Clay,56,M,20100411,55,104745,2,,Rafael Nadal,L,185,ESP,23.85763176,104269,6,,Fernando Verdasco,L,188,ESP,26.40657084,6-0 6-1,3,F,86,2,1,45,31,20,9,6,5,5,2,3,53,31,12,7,7,8,14,3,6980,12,2725
2010-416,Rome Masters,Clay,56,M,20100425,29,104745,3,,Rafael Nadal,L,185,ESP,23.89596167,104259,,,Philipp Kohlschreiber,R,178,GER,26.52703628,6-1 6-3,3,R32,70,2,0,42,29,23,10,8,1,1,2,0,48,28,16,9,8,2,6,3,6480,29,1400
2010-416,Rome Masters,Clay,56,M,20100425,43,104745,3,,Rafael Nadal,L,185,ESP,23.89596167,103812,,,Victor Hanescu,R,198,ROU,28.76386037,6-3 6-2,3,R16,83,0,1,60,47,35,7,9,5,5,3,0,47,35,22,3,8,4,7,3,6480,39,1025
2010-416,Rome Masters,Clay,56,M,20100425,50,104745,3,,Rafael Nadal,L,185,ESP,23.89596167,104527,,,Stan Wawrinka,R,183,SUI,25.07871321,6-4 6-1,3,QF,91,2,2,64,48,35,8,9,2,2,2,1,43,25,18,9,8,3,6,3,6480,26,1510
2010-416,Rome Masters,Clay,56,M,20100425,53,104745,3,,Rafael Nadal,L,185,ESP,23.89596167,105208,,,Ernests Gulbis,R,190,LAT,21.65366188,6-4 3-6 6-4,3,SF,167,0,1,94,72,50,12,14,6,7,14,2,110,85,62,7,15,10,12,3,6480,40,1009
2010-416,Rome Masters,Clay,56,M,20100425,55,104745,3,,Rafael Nadal,L,185,ESP,23.89596167,103970,13,,David Ferrer,R,175,ESP,28.06570842,7-5 6-2,3,F,104,3,0,55,44,34,7,10,1,1,1,5,81,58,36,9,10,10,13,3,6480,17,2105
2010-1536,Madrid Masters,Clay,56,M,20100509,40,104745,2,,Rafael Nadal,L,185,ESP,23.93429158,105238,,Q,Alexandr Dolgopolov,R,180,UKR,21.50308008,6-4 6-3,3,R32,87,0,2,68,52,37,9,9,1,1,3,0,59,33,22,13,10,1,4,3,6480,62,734
2010-1536,Madrid Masters,Clay,56,M,20100509,48,104745,2,,Rafael Nadal,L,185,ESP,23.93429158,104545,13,,John Isner,R,206,USA,25.03764545,7-5 6-4,3,R16,87,1,0,52,34,29,15,11,0,0,11,0,66,43,33,11,11,0,2,3,6480,19,1800
2010-1536,Madrid Masters,Clay,56,M,20100509,52,104745,2,,Rafael Nadal,L,185,ESP,23.93429158,104792,12,,Gael Monfils,R,193,FRA,23.68788501,6-1 6-3,3,QF,78,1,1,41,30,27,6,8,2,2,3,7,67,36,24,10,8,4,8,3,6480,18,2040
2010-1536,Madrid Masters,Clay,56,M,20100509,54,104745,2,,Rafael Nadal,L,185,ESP,23.93429158,104597,,,Nicolas Almagro,R,183,ESP,24.71731691,4-6 6-2 6-2,3,SF,136,1,1,70,45,35,9,13,3,6,5,3,90,48,33,15,13,6,12,3,6480,35,1315
2010-1536,Madrid Masters,Clay,56,M,20100509,55,104745,2,,Rafael Nadal,L,185,ESP,23.93429158,103819,1,,Roger Federer,R,185,SUI,28.75290897,6-4 7-6(5),3,F,131,2,2,81,59,32,14,11,8,11,9,0,88,59,35,14,11,7,11,3,6480,1,10430
2010-520,Roland Garros,Clay,128,G,20100524,64,104745,2,,Rafael Nadal,L,185,ESP,23.97262149,105917,,WC,Gianni Mina,R,185,FRA,18.28610541,6-2 6-2 6-2,5,R128,143,0,0,91,62,44,15,12,9,9,3,4,83,42,26,14,12,6,12,2,6880,655,29
2010-520,Roland Garros,Clay,128,G,20100524,96,104745,2,,Rafael Nadal,L,185,ESP,23.97262149,104547,,,Horacio Zeballos,L,188,ARG,25.07323751,6-2 6-2 6-3,5,R64,105,1,2,74,59,47,7,13,5,6,2,0,76,48,24,13,12,4,10,2,6880,44,935
2010-520,Roland Garros,Clay,128,G,20100524,112,104745,2,,Rafael Nadal,L,185,ESP,23.97262149,103720,28,,Lleyton Hewitt,R,180,AUS,29.24298426,6-3 6-4 6-3,5,R32,148,1,1,79,60,42,10,14,3,6,5,2,110,59,38,19,14,9,16,2,6880,33,1350
2010-520,Roland Garros,Clay,128,G,20100524,120,104745,2,,Rafael Nadal,L,185,ESP,23.97262149,105064,24,,Thomaz Bellucci,L,188,BRA,22.39835729,6-2 7-5 6-4,5,R16,153,2,0,88,65,41,15,15,5,9,2,1,102,56,29,20,15,3,11,2,6880,29,1482
2010-520,Roland Garros,Clay,128,G,20100524,124,104745,2,,Rafael Nadal,L,185,ESP,23.97262149,104597,19,,Nicolas Almagro,R,183,ESP,24.75564682,7-6(2) 7-6(3) 6-4,5,QF,155,4,0,111,81,59,17,17,1,2,5,1,112,71,51,20,17,4,6,2,6880,21,1690
2010-520,Roland Garros,Clay,128,G,20100524,126,104745,2,,Rafael Nadal,L,185,ESP,23.97262149,103781,22,,Jurgen Melzer,L,183,AUT,29.00479124,6-2 6-3 7-6(6),5,SF,129,4,4,85,65,49,11,15,1,3,3,2,99,72,41,10,14,3,8,2,6880,27,1495
2010-520,Roland Garros,Clay,128,G,20100524,127,104745,2,,Rafael Nadal,L,185,ESP,23.97262149,104417,5,,Robin Soderling,R,193,SWE,25.77412731,6-4 6-2 6-4,5,F,138,7,1,90,69,51,13,14,8,8,7,4,91,51,33,22,14,8,12,2,6880,7,4755
2011-410,Monte Carlo Masters,Clay,56,M,20110410,25,104745,1,,Rafael Nadal,L,185,ESP,24.85420945,103813,,,Jarkko Nieminen,L,185,FIN,29.71663244,6-2 6-2,3,R32,69,0,1,40,26,22,10,8,0,0,0,3,48,28,16,8,8,5,9,1,12870,59,855
2011-410,Monte Carlo Masters,Clay,56,M,20110410,41,104745,1,,Rafael Nadal,L,185,ESP,24.85420945,104755,13,,Richard Gasquet,R,185,FRA,24.81314168,6-2 6-4,3,R16,94,3,2,50,33,25,11,9,0,1,1,0,63,32,18,15,9,5,9,1,12870,18,1700
2011-410,Monte Carlo Masters,Clay,56,M,20110410,49,104745,1,,Rafael Nadal,L,185,ESP,24.85420945,103344,,,Ivan Ljubicic,R,193,CRO,32.06297057,6-1 6-3,3,QF,80,0,1,46,32,24,8,8,5,6,3,0,47,32,13,7,8,2,7,1,12870,40,1065
2011-410,Monte Carlo Masters,Clay,56,M,20110410,53,104745,1,,Rafael Nadal,L,185,ESP,24.85420945,104918,3,,Andy Murray,R,190,GBR,23.90691307,6-4 2-6 6-1,3,SF,179,3,2,82,56,33,11,13,6,12,2,1,105,57,31,18,12,12,19,1,12870,4,5545
2011-410,Monte Carlo Masters,Clay,56,M,20110410,55,104745,1,,Rafael Nadal,L,185,ESP,24.85420945,103970,4,,David Ferrer,R,175,ESP,29.02395619,6-4 7-5,3,F,137,0,3,83,51,33,18,11,5,7,0,2,70,36,25,15,11,7,11,1,12870,6,4600
2011-425,Barcelona,Clay,56,A,20110418,25,104745,1,,Rafael Nadal,L,185,ESP,24.8733744,104593,,,Daniel Gimeno Traver,R,185,ESP,25.69472964,6-1 6-1,3,R32,66,2,0,39,24,20,9,7,0,0,4,1,43,25,16,2,7,4,9,1,12870,60,839
2011-425,Barcelona,Clay,56,A,20110418,41,104745,1,,Rafael Nadal,L,185,ESP,24.8733744,105053,,,Santiago Giraldo,R,188,COL,23.38945927,6-3 6-1,3,R16,83,1,2,53,34,24,10,8,2,3,2,2,54,33,16,9,8,6,11,1,12870,54,900
2011-425,Barcelona,Clay,56,A,20110418,49,104745,1,,Rafael Nadal,L,185,ESP,24.8733744,104792,7,,Gael Monfils,R,193,FRA,24.62696783,6-2 6-2,3,QF,75,1,1,40,23,18,14,8,0,0,0,0,62,52,29,3,8,5,9,1,12870,9,2600
2011-425,Barcelona,Clay,56,A,20110418,53,104745,1,,Rafael Nadal,L,185,ESP,24.8733744,104471,,,Ivan Dodig,R,183,CRO,26.28884326,6-3 6-2,3,SF,88,1,0,49,35,24,7,8,2,4,2,2,48,23,12,7,9,2,8,1,12870,56,879
2011-425,Barcelona,Clay,56,A,20110418,55,104745,1,,Rafael Nadal,L,185,ESP,24.8733744,103970,4,,David Ferrer,R,175,ESP,29.04312115,6-2 6-4,3,F,109,0,1,61,41,23,10,9,5,8,2,1,69,48,24,6,9,10,16,1,12870,6,4840
2011-1536,Madrid Masters,Clay,56,M,20110501,25,104745,1,,Rafael Nadal,L,185,ESP,24.91170431,104571,,,Marcos Baghdatis,R,183,CYP,25.87268994,6-1 6-3,3,R32,82,1,0,41,23,19,14,8,0,0,3,1,54,26,19,9,8,1,5,1,11915,24,1375
2011-1536,Madrid Masters,Clay,56,M,20110501,41,104745,1,,Rafael Nadal,L,185,ESP,24.91170431,105223,,,Juan Martin del Potro,R,198,ARG,22.6036961,W/O,3,R16,,,,,,,,,,,,,,,,,,,,1,11915,32,1265
2011-1536,Madrid Masters,Clay,56,M,20110501,49,104745,1,,Rafael Nadal,L,185,ESP,24.91170431,103566,,,Michael Llodra,L,190,FRA,30.954141,6-2 6-2,3,QF,75,1,0,41,30,25,8,8,0,0,4,1,72,44,28,8,8,8,12,1,11915,27,1320
2011-1536,Madrid Masters,Clay,56,M,20110501,53,104745,1,,Rafael Nadal,L,185,ESP,24.91170431,103819,3,,Roger Federer,R,185,SUI,29.7303217,5-7 6-1 6-3,3,SF,156,1,0,101,82,55,10,14,9,11,0,1,103,63,41,16,14,7,12,1,11915,3,8690
2011-416,Rome Masters,Clay,56,M,20110508,25,104745,1,,Rafael Nadal,L,185,ESP,24.93086927,103893,,Q,Paolo Lorenzi,R,183,ITA,29.3963039,6-7(5) 6-4 6-0,3,R32,157,2,3,80,57,43,11,14,1,3,4,1,99,66,43,13,14,7,13,1,12470,148,392
2011-416,Rome Masters,Clay,56,M,20110508,41,104745,1,,Rafael Nadal,L,185,ESP,24.93086927,103852,,,Feliciano Lopez,L,188,ESP,29.63175907,6-4 6-2,3,R16,76,3,0,41,36,29,5,9,1,2,3,0,57,38,21,10,9,2,6,1,12470,40,1065
2011-416,Rome Masters,Clay,56,M,20110508,49,104745,1,,Rafael Nadal,L,185,ESP,24.93086927,105227,,,Marin Cilic,R,198,CRO,22.6091718,6-1 6-3,3,QF,86,2,0,45,31,25,9,8,0,0,3,0,53,31,18,8,8,3,7,1,12470,23,1425
2011-416,Rome Masters,Clay,56,M,20110508,53,104745,1,,Rafael Nadal,L,185,ESP,24.93086927,104755,16,,Richard Gasquet,R,185,FRA,24.88980151,7-5 6-1,3,SF,94,4,0,54,40,31,8,9,4,4,1,1,56,32,19,11,10,1,5,1,12470,16,1710
2011-520,Roland Garros,Clay,128,G,20110522,1,104745,1,,Rafael Nadal,L,185,ESP,24.96919918,104545,,,John Isner,R,206,USA,26.07255305,6-4 6-7(2) 6-7(2) 6-2 6-4,5,R128,241,8,1,134,97,79,26,26,0,1,13,3,165,112,76,31,26,10,15,1,12070,39,1070
2011-520,Roland Garros,Clay,128,G,20110522,65,104745,1,,Rafael Nadal,L,185,ESP,24.96919918,104665,,,Pablo Andujar,R,180,ESP,25.32785763,7-5 6-3 7-6(4),5,R64,198,6,4,126,86,57,18,17,11,16,1,2,110,72,43,13,16,4,11,1,12070,48,985
2011-520,Roland Garros,Clay,128,G,20110522,97,104745,1,,Rafael Nadal,L,185,ESP,24.96919918,105099,,Q,Antonio Veic,R,180,CRO,23.25804244,6-1 6-3 6-0,5,R32,101,1,0,66,48,30,14,11,3,5,0,1,56,33,11,5,11,1,10,1,12070,227,217
2011-520,Roland Garros,Clay,128,G,20110522,113,104745,1,,Rafael Nadal,L,185,ESP,24.96919918,103344,,,Ivan Ljubicic,R,193,CRO,32.1779603,7-5 6-3 6-3,5,R16,146,2,1,72,49,40,15,15,2,4,9,2,109,56,40,18,15,14,20,1,12070,37,1120
2011-520,Roland Garros,Clay,128,G,20110522,121,104745,1,,Rafael Nadal,L,185,ESP,24.96919918,104417,5,,Robin Soderling,R,193,SWE,26.770705,6-4 6-1 7-6(3),5,QF,155,4,0,90,69,44,15,14,4,6,5,3,94,54,37,14,15,5,11,1,12070,5,5435
2011-520,Roland Garros,Clay,128,G,20110522,125,104745,1,,Rafael Nadal,L,185,ESP,24.96919918,104918,4,,Andy Murray,R,190,GBR,24.02190281,6-4 7-5 6-4,5,SF,197,2,3,119,87,60,14,16,15,18,5,4,104,67,44,13,16,7,13,1,12070,4,6085
2011-520,Roland Garros,Clay,128,G,20110522,127,104745,1,,Rafael Nadal,L,185,ESP,24.96919918,103819,3,,Roger Federer,R,185,SUI,29.78781656,7-5 7-6(3) 5-7 6-1,5,F,220,4,3,147,106,69,21,22,10,15,11,1,126,80,55,18,21,8,15,1,12070,3,8390
2011-1536,Madrid Masters,Clay,56,M,20110501,55,104925,2,,Novak Djokovic,R,188,SRB,23.94524298,104745,1,,Rafael Nadal,L,185,ESP,24.91170431,7-5 6-4,3,F,138,3,1,58,33,23,13,11,3,6,3,0,75,52,29,9,11,7,12,2,9710,1,11915
2011-416,Rome Masters,Clay,56,M,20110508,55,104925,2,,Novak Djokovic,R,188,SRB,23.96440794,104745,1,,Rafael Nadal,L,185,ESP,24.93086927,6-4 6-4,3,F,133,0,1,61,46,31,7,10,1,3,2,1,69,49,33,5,10,7,11,2,10665,1,12470
2012-410,Monte Carlo Masters,Clay,56,M,20120415,40,104745,2,,Rafael Nadal,L,185,ESP,25.86995209,103813,,,Jarkko Nieminen,L,185,FIN,30.73237509,6-4 6-3,3,R32,87,1,0,48,31,22,12,9,0,1,0,4,57,38,24,8,10,3,7,2,9215,48,943
2012-410,Monte Carlo Masters,Clay,56,M,20120415,48,104745,2,,Rafael Nadal,L,185,ESP,25.86995209,105062,,Q,Mikhail Kukushkin,R,183,KAZ,24.30663929,6-1 6-1,3,R16,60,5,0,34,28,24,4,7,0,0,1,0,44,27,9,7,7,1,6,2,9215,68,707
2012-410,Monte Carlo Masters,Clay,56,M,20120415,52,104745,2,,Rafael Nadal,L,185,ESP,25.86995209,104527,,,Stan Wawrinka,R,183,SUI,27.05270363,7-5 6-4,3,QF,107,4,2,61,45,37,8,11,1,2,5,3,70,37,26,16,11,4,7,2,9215,26,1290
2012-410,Monte Carlo Masters,Clay,56,M,20120415,54,104745,2,,Rafael Nadal,L,185,ESP,25.86995209,104468,9,,Gilles Simon,R,183,FRA,27.30184805,6-3 6-4,3,SF,111,3,2,65,37,27,19,10,7,7,2,2,56,32,23,12,9,3,5,2,9215,15,1980
2012-410,Monte Carlo Masters,Clay,56,M,20120415,55,104745,2,,Rafael Nadal,L,185,ESP,25.86995209,104925,1,,Novak Djokovic,R,188,SRB,24.90349076,6-3 6-1,3,F,79,3,1,38,26,22,6,8,0,1,0,0,48,30,12,10,8,3,8,2,9215,1,12670
2012-425,Barcelona,Clay,56,A,20120423,25,104745,1,,Rafael Nadal,L,185,ESP,25.88911704,104198,,,Guillermo Garcia Lopez,R,188,ESP,28.88706366,6-1 6-2,3,R32,82,0,2,38,21,17,10,7,1,2,1,2,60,38,16,10,8,9,15,2,9715,78,646
2012-425,Barcelona,Clay,56,A,20120423,41,104745,1,,Rafael Nadal,L,185,ESP,25.88911704,104857,,Q,Robert Farah,R,193,COL,25.25667351,6-2 6-3,3,R16,87,2,0,42,25,19,11,8,1,2,3,2,55,31,16,9,9,5,10,2,9715,246,195
2012-425,Barcelona,Clay,56,A,20120423,49,104745,1,,Rafael Nadal,L,185,ESP,25.88911704,104386,5,,Janko Tipsarevic,R,180,SRB,27.83572895,6-2 6-2,3,QF,84,3,1,48,33,25,7,8,4,5,3,4,51,30,19,4,8,2,7,2,9715,8,2820
2012-425,Barcelona,Clay,56,A,20120423,53,104745,1,,Rafael Nadal,L,185,ESP,25.88911704,104269,9,,Fernando Verdasco,L,188,ESP,28.43805613,6-0 6-4,3,SF,86,2,1,50,35,29,7,8,4,4,0,2,50,38,20,5,8,4,8,2,9715,20,1565
2012-425,Barcelona,Clay,56,A,20120423,55,104745,1,,Rafael Nadal,L,185,ESP,25.88911704,103970,3,,David Ferrer,R,175,ESP,30.05886379,7-6(1) 7-5,3,F,160,4,3,91,58,36,18,12,12,15,0,2,93,70,38,11,12,6,10,2,9715,6,4160
2012-1536,Madrid Masters,Clay,56,M,20120506,40,104745,2,,Rafael Nadal,L,185,ESP,25.92744695,103786,,,Nikolay Davydenko,R,178,RUS,30.92950034,6-2 6-2,3,R32,80,6,0,43,30,24,9,8,0,0,0,5,51,28,16,7,8,5,9,2,9615,54,825
2012-416,Rome Masters,Clay,56,M,20120513,40,104745,2,,Rafael Nadal,L,185,ESP,25.94661191,104252,,,Florian Mayer,R,190,GER,28.60780287,6-1 7-5,3,R32,81,1,1,48,27,25,15,10,0,0,2,0,50,34,23,7,9,2,5,3,9105,28,1265
2012-416,Rome Masters,Clay,56,M,20120513,48,104745,2,,Rafael Nadal,L,185,ESP,25.94661191,104719,,,Marcel Granollers,R,190,ESP,26.08898015,6-1 6-1,3,R16,88,0,4,47,37,27,5,7,3,3,3,3,54,40,17,6,7,4,9,3,9105,26,1295
2012-416,Rome Masters,Clay,56,M,20120513,52,104745,2,,Rafael Nadal,L,185,ESP,25.94661191,104607,7,,Tomas Berdych,R,196,CZE,26.65571526,6-4 7-5,3,QF,126,2,0,60,46,35,10,11,2,3,2,2,78,51,34,12,11,6,9,3,9105,7,4410
2012-416,Rome Masters,Clay,56,M,20120513,54,104745,2,,Rafael Nadal,L,185,ESP,25.94661191,103970,6,,David Ferrer,R,175,ESP,30.11635866,7-6(6) 6-0,3,SF,126,2,0,75,52,39,11,9,9,10,2,2,71,51,30,9,9,7,11,3,9105,6,4460
2012-416,Rome Masters,Clay,56,M,20120513,55,104745,2,,Rafael Nadal,L,185,ESP,25.94661191,104925,1,,Novak Djokovic,R,188,SRB,24.98015058,7-5 6-3,3,F,141,0,0,69,39,27,17,10,6,7,1,4,74,47,32,10,11,3,7,3,9105,1,11200
2012-520,Roland Garros,Clay,128,G,20120527,64,104745,2,,Rafael Nadal,L,185,ESP,25.98494182,104620,,,Simone Bolelli,R,183,ITA,26.63655031,6-2 6-2 6-1,5,R128,118,0,3,70,38,29,22,12,4,5,3,1,68,37,21,11,11,2,9,2,10060,111,494
2012-520,Roland Garros,Clay,128,G,20120527,96,104745,2,,Rafael Nadal,L,185,ESP,25.98494182,104797,,,Denis Istomin,R,188,UZB,25.72210815,6-2 6-2 6-0,5,R64,110,0,1,64,44,34,14,11,2,2,4,2,62,41,22,5,11,8,15,2,10060,43,972
2012-520,Roland Garros,Clay,128,G,20120527,112,104745,2,,Rafael Nadal,L,185,ESP,25.98494182,104724,,Q,Eduardo Schwank,R,183,ARG,26.0971937,6-1 6-3 6-4,5,R32,136,1,1,77,46,40,16,13,4,4,3,0,88,58,35,14,13,5,10,2,10060,192,270
2012-520,Roland Garros,Clay,128,G,20120527,120,104745,2,,Rafael Nadal,L,185,ESP,25.98494182,104338,13,,Juan Monaco,R,185,ARG,28.16427105,6-2 6-0 6-0,5,R16,106,2,0,65,45,31,15,10,2,2,0,0,61,44,21,3,10,2,10,2,10060,15,1945
2012-520,Roland Garros,Clay,128,G,20120527,124,104745,2,,Rafael Nadal,L,185,ESP,25.98494182,104597,12,,Nicolas Almagro,R,183,ESP,26.76796715,7-6(4) 6-2 6-3,5,QF,166,10,1,101,67,56,17,15,4,4,4,1,104,66,46,17,14,3,6,2,10060,13,2255
2012-520,Roland Garros,Clay,128,G,20120527,126,104745,2,,Rafael Nadal,L,185,ESP,25.98494182,103970,6,,David Ferrer,R,175,ESP,30.15468857,6-2 6-2 6-1,5,SF,106,2,1,65,39,33,15,11,2,2,1,3,66,37,19,12,12,3,10,2,10060,6,4640
2012-520,Roland Garros,Clay,128,G,20120527,127,104745,2,,Rafael Nadal,L,185,ESP,25.98494182,104925,1,,Novak Djokovic,R,188,SRB,25.01848049,6-4 6-3 2-6 7-5,5,F,229,4,4,118,73,45,24,19,3,10,3,4,123,73,45,22,20,8,17,2,10060,1,11800
2012-1536,Madrid Masters,Clay,56,M,20120506,48,104269,15,,Fernando Verdasco,L,188,ESP,28.47638604,104745,2,,Rafael Nadal,L,185,ESP,25.92744695,6-3 3-6 7-5,3,R16,190,5,9,101,63,39,15,15,9,15,7,2,83,55,31,12,15,3,10,19,1675,2,9615
2013-533,Sao Paulo,Clay,28,A,20130211,13,104745,1,,Rafael Nadal,L,185,ESP,26.69404517,105154,,Q,Joao Souza,R,193,BRA,24.7118412,6-3 6-4,3,R16,79,5,1,59,42,32,11,10,1,1,9,2,42,22,19,11,9,2,4,5,5550,140,381
2013-533,Sao Paulo,Clay,28,A,20130211,21,104745,1,,Rafael Nadal,L,185,ESP,26.69404517,104122,,,Carlos Berlocq,R,183,ARG,30.02327173,3-6 6-4 6-4,3,QF,145,5,3,82,47,38,16,14,3,6,7,5,103,54,39,23,15,9,13,5,5550,78,660
2013-533,Sao Paulo,Clay,28,A,20130211,25,104745,1,,Rafael Nadal,L,185,ESP,26.69404517,104651,,,Martin Alund,R,,ARG,27.12936345,6-3 6-7(2) 6-1,3,SF,117,5,2,80,54,49,14,15,2,2,7,1,73,44,33,18,13,2,5,5,5550,111,482
2013-533,Sao Paulo,Clay,28,A,20130211,27,104745,1,,Rafael Nadal,L,185,ESP,26.69404517,103900,,,David Nalbandian,R,180,ARG,31.11293635,6-2 6-3,3,F,78,3,4,58,35,23,11,9,2,4,3,3,48,24,13,9,8,3,8,5,5550,93,550
2013-410,Monte Carlo Masters,Clay,56,M,20130414,36,104745,3,,Rafael Nadal,L,185,ESP,26.86652977,104594,,,Marinko Matosevic,R,194,AUS,27.68514716,6-1 6-2,3,R32,63,0,0,40,27,20,9,7,3,4,1,2,46,22,7,11,8,3,9,5,6385,54,827
2013-410,Monte Carlo Masters,Clay,56,M,20130414,46,104745,3,,Rafael Nadal,L,185,ESP,26.86652977,104259,16,,Philipp Kohlschreiber,R,178,GER,29.49760438,6-2 6-4,3,R16,81,1,1,45,26,23,13,9,0,0,1,1,62,34,19,16,9,4,7,5,6385,21,1670
2013-410,Monte Carlo Masters,Clay,56,M,20130414,51,104745,3,,Rafael Nadal,L,185,ESP,26.86652977,105777,,,Grigor Dimitrov,R,188,BUL,21.91649555,6-2 2-6 6-4,3,QF,129,2,0,87,69,45,8,13,5,8,8,2,71,38,30,15,13,2,6,5,6385,34,1112
2013-410,Monte Carlo Masters,Clay,56,M,20130414,54,104745,3,,Rafael Nadal,L,185,ESP,26.86652977,104542,6,,Jo-Wilfried Tsonga,R,188,FRA,27.9945243,6-3 7-6(3),3,SF,97,3,0,64,51,36,8,10,5,7,4,1,75,47,30,12,11,6,10,5,6385,8,3695
2013-425,Barcelona,Clay,48,A,20130422,32,104745,2,,Rafael Nadal,L,185,ESP,26.88569473,104122,,,Carlos Berlocq,R,183,ARG,30.21492129,6-4 6-2,3,R32,88,0,1,48,42,30,4,9,0,1,1,2,58,33,22,8,9,7,11,5,5985,63,740
2013-425,Barcelona,Clay,48,A,20130422,40,104745,2,,Rafael Nadal,L,185,ESP,26.88569473,105332,13,,Benoit Paire,R,196,FRA,23.95619439,7-6(2) 6-2,3,R16,87,1,2,61,38,31,14,10,1,2,6,5,67,30,23,14,10,3,6,5,5985,33,1145
2013-425,Barcelona,Clay,48,A,20130422,44,104745,2,,Rafael Nadal,L,185,ESP,26.88569473,105077,,,Albert Ramos,L,188,ESP,25.26214921,6-3 6-0,3,QF,66,1,0,46,31,26,7,8,0,0,0,1,36,15,7,10,7,1,5,5,5985,64,730
2013-425,Barcelona,Clay,48,A,20130422,46,104745,2,,Rafael Nadal,L,185,ESP,26.88569473,105683,5,,Milos Raonic,R,196,CAN,22.31895962,6-4 6-0,3,SF,72,4,1,42,31,22,7,8,0,1,6,0,57,38,22,5,8,6,11,5,5985,13,2225
2013-425,Barcelona,Clay,48,A,20130422,47,104745,2,,Rafael Nadal,L,185,ESP,26.88569473,104597,4,,Nicolas Almagro,R,183,ESP,27.66872005,6-4 6-3,3,F,92,1,0,62,44,31,9,10,3,5,2,2,56,34,21,10,9,5,9,5,5985,12,2450
2013-1536,Madrid Masters,Clay,56,M,20130505,33,104745,5,,Rafael Nadal,L,185,ESP,26.92402464,105332,,,Benoit Paire,R,196,FRA,23.9945243,6-3 6-4,3,R32,87,3,0,59,47,35,9,10,1,1,6,3,69,34,26,16,9,5,7,5,5985,37,1040
2013-1536,Madrid Masters,Clay,56,M,20130505,45,104745,5,,Rafael Nadal,L,185,ESP,26.92402464,104022,,,Mikhail Youzhny,R,183,RUS,30.86379192,6-2 6-3,3,R16,75,0,0,44,33,25,6,8,2,3,1,1,50,35,20,5,9,5,10,5,5985,31,1220
2013-1536,Madrid Masters,Clay,56,M,20130505,51,104745,5,,Rafael Nadal,L,185,ESP,26.92402464,103970,4,,David Ferrer,R,175,ESP,31.09377139,4-6 7-6(3) 6-0,3,QF,157,2,2,98,70,45,9,14,6,11,0,5,98,48,27,20,14,6,13,5,5985,4,6920
2013-1536,Madrid Masters,Clay,56,M,20130505,54,104745,5,,Rafael Nadal,L,185,ESP,26.92402464,104665,,WC,Pablo Andujar,R,180,ESP,27.28268309,6-0 6-4,3,SF,77,2,2,46,28,22,13,8,3,3,0,3,49,32,19,6,8,3,7,5,5985,113,475
2013-1536,Madrid Masters,Clay,56,M,20130505,55,104745,5,,Rafael Nadal,L,185,ESP,26.92402464,104527,15,,Stan Wawrinka,R,183,SUI,28.10677618,6-2 6-4,3,F,72,3,1,44,29,26,11,9,0,0,5,4,54,33,22,10,9,8,11,5,5985,15,2165
2013-416,Rome Masters,Clay,56,M,20130512,32,104745,5,,Rafael Nadal,L,185,ESP,26.9431896,104926,,,Fabio Fognini,R,178,ITA,25.97125257,6-1 6-3,3,R32,61,0,0,43,34,26,6,8,2,3,0,0,46,33,15,5,8,6,11,5,6895,25,1345
2013-416,Rome Masters,Clay,56,M,20130512,44,104745,5,,Rafael Nadal,L,185,ESP,26.9431896,105208,,Q,Ernests Gulbis,R,190,LAT,24.7008898,1-6 7-5 6-4,3,R16,158,0,1,92,70,44,10,14,5,9,15,3,99,60,43,16,15,7,11,5,6895,46,885
2013-416,Rome Masters,Clay,56,M,20130512,50,104745,5,,Rafael Nadal,L,185,ESP,26.9431896,103970,4,,David Ferrer,R,175,ESP,31.11293635,6-4 4-6 6-2,3,QF,166,1,2,115,80,53,12,14,13,16,1,3,100,66,39,16,14,5,10,5,6895,4,6920
2013-416,Rome Masters,Clay,56,M,20130512,53,104745,5,,Rafael Nadal,L,185,ESP,26.9431896,104607,6,,Tomas Berdych,R,196,CZE,27.65229295,6-2 6-4,3,SF,78,0,0,45,35,27,10,9,1,1,5,0,48,30,18,10,9,1,4,5,6895,6,4520
2013-416,Rome Masters,Clay,56,M,20130512,55,104745,5,,Rafael Nadal,L,185,ESP,26.9431896,103819,2,,Roger Federer,R,185,SUI,31.76180698,6-1 6-3,3,F,69,1,1,42,31,22,8,8,1,2,3,0,53,30,17,7,8,1,6,5,6895,3,7760
2013-520,Roland Garros,Clay,128,G,20130527,17,104745,3,,Rafael Nadal,L,185,ESP,26.98151951,104978,,,Daniel Brands,R,196,GER,25.86173854,4-6 7-6(4) 6-4 6-3,5,R128,174,2,4,113,95,74,12,20,3,4,10,1,142,105,66,22,21,5,8,4,6895,59,795
2013-520,Roland Garros,Clay,128,G,20130527,73,104745,3,,Rafael Nadal,L,185,ESP,26.98151951,105373,,,Martin Klizan,L,190,SVK,23.87679671,4-6 6-3 6-3 6-3,5,R64,164,5,2,100,74,55,10,19,3,7,6,5,103,58,30,25,18,3,10,4,6895,35,1090
2013-520,Roland Garros,Clay,128,G,20130527,101,104745,3,,Rafael Nadal,L,185,ESP,26.98151951,104926,27,,Fabio Fognini,R,178,ITA,26.00958248,7-6(5) 6-4 6-4,5,R32,165,5,1,104,81,52,14,16,8,11,3,2,129,86,47,26,16,13,18,4,6895,29,1345
2013-520,Roland Garros,Clay,128,G,20130527,115,104745,3,,Rafael Nadal,L,185,ESP,26.98151951,105453,13,,Kei Nishikori,R,178,JPN,23.40862423,6-4 6-1 6-3,5,R16,122,1,0,78,54,39,16,13,4,4,0,1,78,51,27,15,13,3,8,4,6895,15,2315
2013-520,Roland Garros,Clay,128,G,20130527,122,104745,3,,Rafael Nadal,L,185,ESP,26.98151951,104527,9,,Stan Wawrinka,R,183,SUI,28.16427105,6-2 6-3 6-1,5,QF,116,5,0,73,55,40,11,12,4,5,3,4,87,52,30,12,12,5,12,4,6895,10,2630
2013-520,Roland Garros,Clay,128,G,20130527,125,104745,3,,Rafael Nadal,L,185,ESP,26.98151951,104925,1,,Novak Djokovic,R,188,SRB,26.01505818,6-4 3-6 6-1 6-7(3) 9-7,5,SF,277,6,3,160,102,73,35,27,4,9,5,2,175,118,76,30,27,8,16,4,6895,1,12310
2013-520,Roland Garros,Clay,128,G,20130527,127,104745,3,,Rafael Nadal,L,185,ESP,26.98151951,103970,4,,David Ferrer,R,175,ESP,31.15126626,6-3 6-2 6-3,5,F,136,5,2,87,61,43,11,13,9,12,1,5,85,53,31,8,13,8,16,4,6895,5,6740
2013-410,Monte Carlo Masters,Clay,56,M,20130414,55,104925,1,,Novak Djokovic,R,188,SRB,25.90006845,104745,3,,Rafael Nadal,L,185,ESP,26.86652977,6-2 7-6(1),3,F,112,2,0,61,38,24,14,10,3,6,2,3,78,56,31,7,10,7,12,1,12500,5,6385
2014-410,Monte Carlo Masters,Clay,56,M,20140413,25,104745,1,,Rafael Nadal,L,185,ESP,27.86310746,104559,,Q,Teymuraz Gabashvili,R,188,RUS,28.89253936,6-4 6-1,3,R32,73,2,0,52,39,31,3,9,2,4,1,2,42,21,10,6,8,0,5,1,13730,58,779
2014-410,Monte Carlo Masters,Clay,56,M,20140413,41,104745,1,,Rafael Nadal,L,185,ESP,27.86310746,104312,,,Andreas Seppi,R,190,ITA,30.14373717,6-1 6-3,3,R16,74,2,2,45,29,24,7,8,5,6,1,0,49,27,15,7,8,0,5,1,13730,35,1150
2014-425,Barcelona,Clay,48,A,20140421,17,104745,1,,Rafael Nadal,L,185,ESP,27.88227242,105077,,,Albert Ramos,L,188,ESP,26.2587269,7-6(2) 6-4,3,R32,117,1,0,70,51,35,12,11,2,4,1,3,67,40,26,11,11,0,3,1,13310,103,569
2014-425,Barcelona,Clay,48,A,20140421,33,104745,1,,Rafael Nadal,L,185,ESP,27.88227242,104471,,,Ivan Dodig,R,183,CRO,29.29774127,6-3 6-3,3,R16,84,1,0,48,36,25,9,9,0,1,5,3,57,32,21,9,9,4,8,1,13310,37,1110
2014-1536,Madrid Masters,Clay,56,M,20140504,25,104745,1,,Rafael Nadal,L,185,ESP,27.92060233,104338,,,Juan Monaco,R,185,ARG,30.09993155,6-1 6-0,3,R32,69,3,0,44,35,24,5,7,1,2,0,1,38,22,8,3,6,4,10,1,12900,56,880
2014-1536,Madrid Masters,Clay,56,M,20140504,41,104745,1,,Rafael Nadal,L,185,ESP,27.92060233,103813,,,Jarkko Nieminen,L,185,FIN,32.78302533,6-1 6-4,3,R16,80,2,0,51,38,25,8,8,3,4,2,0,52,41,23,2,9,6,11,1,12900,57,840
2014-1536,Madrid Masters,Clay,56,M,20140504,49,104745,1,,Rafael Nadal,L,185,ESP,27.92060233,104607,6,,Tomas Berdych,R,196,CZE,28.62970568,6-4 6-2,3,QF,88,4,0,54,41,32,7,9,1,1,0,1,55,39,23,9,9,2,5,1,12900,6,4780
2014-1536,Madrid Masters,Clay,56,M,20140504,53,104745,1,,Rafael Nadal,L,185,ESP,27.92060233,105138,,,Roberto Bautista Agut,R,183,ESP,26.05612594,6-4 6-3,3,SF,103,2,3,51,35,25,9,9,2,4,0,1,77,55,33,6,10,8,13,1,12900,45,1000
2014-1536,Madrid Masters,Clay,56,M,20140504,55,104745,1,,Rafael Nadal,L,185,ESP,27.92060233,105453,10,,Kei Nishikori,R,178,JPN,24.34770705,2-6 6-4 3-0 RET,3,F,103,4,2,55,43,31,7,11,3,6,2,3,65,38,25,13,10,6,9,1,12900,12,2440
2014-416,Rome Masters,Clay,56,M,20140511,25,104745,1,,Rafael Nadal,L,185,ESP,27.93976728,104468,,,Gilles Simon,R,183,FRA,29.37166324,7-6(1) 6-7(4) 6-2,3,R32,199,4,2,109,86,53,13,16,6,10,7,1,132,78,49,24,16,7,13,1,12900,30,1225
2014-416,Rome Masters,Clay,56,M,20140511,41,104745,1,,Rafael Nadal,L,185,ESP,27.93976728,104022,14,,Mikhail Youzhny,R,183,RUS,31.87953457,6-7(4) 6-2 6-1,3,R16,164,1,4,99,75,55,7,14,7,9,0,2,102,73,38,15,13,9,15,1,12900,16,2020
2014-416,Rome Masters,Clay,56,M,20140511,49,104745,1,,Rafael Nadal,L,185,ESP,27.93976728,104918,7,,Andy Murray,R,190,GBR,26.99247091,1-6 6-3 7-5,3,QF,161,6,1,86,61,41,13,14,6,10,5,4,98,63,44,11,14,8,12,1,12900,8,3950
2014-416,Rome Masters,Clay,56,M,20140511,53,104745,1,,Rafael Nadal,L,185,ESP,27.93976728,105777,12,,Grigor Dimitrov,R,188,BUL,22.98973306,6-2 6-2,3,SF,83,1,0,55,44,29,8,8,3,3,2,3,46,29,17,4,8,3,7,1,12900,14,2200
2014-520,Roland Garros,Clay,128,G,20140526,1,104745,1,,Rafael Nadal,L,185,ESP,27.97809719,104068,,WC,Robby Ginepri,R,183,USA,31.63312799,6-0 6-3 6-0,5,R128,102,1,0,52,30,26,15,10,1,1,2,4,86,59,25,11,11,11,19,1,12500,279,169
2014-520,Roland Garros,Clay,128,G,20140526,65,104745,1,,Rafael Nadal,L,185,ESP,27.97809719,106233,,,Dominic Thiem,R,185,AUT,20.72553046,6-2 6-2 6-3,5,R64,125,0,0,79,54,36,17,13,2,4,2,3,70,45,18,14,12,3,10,1,12500,57,812
2014-520,Roland Garros,Clay,128,G,20140526,97,104745,1,,Rafael Nadal,L,185,ESP,27.97809719,104919,,,Leonardo Mayer,R,188,ARG,27.03080082,6-2 7-5 6-2,5,R32,137,0,1,83,60,42,15,14,6,8,2,5,92,50,26,19,14,3,10,1,12500,65,733
2014-520,Roland Garros,Clay,128,G,20140526,113,104745,1,,Rafael Nadal,L,185,ESP,27.97809719,105583,,,Dusan Lajovic,R,180,SRB,23.90417522,6-1 6-2 6-1,5,R16,93,0,1,59,37,30,14,11,3,4,3,3,57,28,14,4,11,2,10,1,12500,83,632
2014-520,Roland Garros,Clay,128,G,20140526,121,104745,1,,Rafael Nadal,L,185,ESP,27.97809719,103970,5,,David Ferrer,R,175,ESP,32.14784394,4-6 6-4 6-0 6-1,5,QF,154,1,1,102,63,43,22,16,11,14,2,1,95,60,32,15,17,5,14,1,12500,5,5030
2014-520,Roland Garros,Clay,128,G,20140526,125,104745,1,,Rafael Nadal,L,185,ESP,27.97809719,104918,7,,Andy Murray,R,190,GBR,27.03080082,6-3 6-2 6-1,5,SF,100,2,2,59,45,41,8,12,0,0,2,3,67,35,22,11,12,0,6,1,12500,8,4120
2014-520,Roland Garros,Clay,128,G,20140526,127,104745,1,,Rafael Nadal,L,185,ESP,27.97809719,104925,2,,Novak Djokovic,R,188,SRB,27.01163587,3-6 7-5 6-2 6-4,5,F,211,3,4,120,84,61,18,19,6,9,11,3,126,82,59,16,20,4,10,1,12500,2,11850
2014-410,Monte Carlo Masters,Clay,56,M,20140413,49,103970,6,,David Ferrer,R,175,ESP,32.03285421,104745,1,,Rafael Nadal,L,185,ESP,27.86310746,7-6(1) 6-4,3,QF,134,1,1,90,55,33,20,11,7,10,1,2,80,49,29,14,11,6,10,6,4640,1,13730
2014-425,Barcelona,Clay,48,A,20140421,41,104597,6,,Nicolas Almagro,R,183,ESP,28.66529774,104745,1,,Rafael Nadal,L,185,ESP,27.88227242,2-6 7-6(5) 6-4,3,QF,167,4,2,121,65,43,25,15,13,18,2,4,91,61,43,14,15,3,7,20,1750,1,13310
2014-416,Rome Masters,Clay,56,M,20140511,55,104925,2,,Novak Djokovic,R,188,SRB,26.97330595,104745,1,,Rafael Nadal,L,185,ESP,27.93976728,4-6 6-3 6-3,3,F,139,7,0,72,45,32,15,14,2,6,0,2,93,70,38,10,14,8,14,2,11030,1,12900
2015-506,Buenos Aires,Clay,28,A,20150223,13,104745,1,,Rafael Nadal,L,185,ESP,28.72553046,106032,,Q,Facundo Arguello,R,,ARG,22.55441478,6-4 6-0,3,R16,65,2,0,42,30,23,7,8,2,3,2,3,47,33,15,5,8,3,8,4,5425,146,363
2015-506,Buenos Aires,Clay,28,A,20150223,21,104745,1,,Rafael Nadal,L,185,ESP,28.72553046,105643,,,Federico Delbonis,L,190,ARG,24.38603696,6-1 6-1,3,QF,62,0,2,38,24,20,9,7,0,0,0,2,46,29,15,5,7,4,9,4,5425,59,816
2015-506,Buenos Aires,Clay,28,A,20150223,25,104745,1,,Rafael Nadal,L,185,ESP,28.72553046,104122,,,Carlos Berlocq,R,183,ARG,32.05475702,7-6(7) 6-2,3,SF,113,1,1,72,45,32,16,10,3,4,3,1,71,49,35,8,10,6,9,4,5425,74,670
2015-506,Buenos Aires,Clay,28,A,20150223,27,104745,1,,Rafael Nadal,L,185,ESP,28.72553046,104338,,,Juan Monaco,R,185,ARG,30.90485969,6-4 6-1,3,F,87,1,0,49,38,30,4,8,0,0,0,0,60,45,26,6,9,5,9,4,5425,60,815
2015-410,Monte Carlo Masters,Clay,56,M,20150412,29,104745,3,,Rafael Nadal,L,185,ESP,28.85968515,106298,,WC,Lucas Pouille,R,185,FRA,21.13347023,6-2 6-1,3,R32,69,0,0,44,28,25,8,8,0,0,0,0,43,21,11,9,7,3,7,5,5255,108,515
2015-410,Monte Carlo Masters,Clay,56,M,20150412,43,104745,3,,Rafael Nadal,L,185,ESP,28.85968515,104545,15,,John Isner,R,206,USA,29.96303901,7-6(6) 4-6 6-3,3,R16,140,7,0,90,66,51,18,16,2,3,12,1,102,62,47,19,15,4,5,5,5255,19,1720
2015-410,Monte Carlo Masters,Clay,56,M,20150412,50,104745,3,,Rafael Nadal,L,185,ESP,28.85968515,103970,5,,David Ferrer,R,175,ESP,33.0294319,6-4 5-7 6-2,3,QF,165,0,2,99,73,44,14,15,3,7,1,4,99,62,36,16,15,4,10,5,5255,7,4670
2015-425,Barcelona,Clay,48,A,20150420,32,104745,2,,Rafael Nadal,L,185,ESP,28.8788501,104597,,,Nicolas Almagro,R,183,ESP,29.66187543,6-3 6-1,3,R32,99,3,0,65,40,25,15,8,8,9,2,1,58,35,18,8,8,5,10,4,5435,123,450
2015-1536,Madrid Masters,Clay,56,M,20150503,29,104745,3,,Rafael Nadal,L,185,ESP,28.91718001,105449,,,Steve Johnson,R,188,USA,25.35797399,6-4 6-3,3,R32,74,0,0,46,38,31,5,9,0,0,4,2,54,38,28,6,10,2,5,4,5390,54,880
2015-1536,Madrid Masters,Clay,56,M,20150503,43,104745,3,,Rafael Nadal,L,185,ESP,28.91718001,104620,,,Simone Bolelli,R,183,ITA,29.5687885,6-2 6-2,3,R16,73,2,2,48,34,26,9,8,2,2,0,2,44,23,12,11,8,1,5,4,5390,63,791
2015-1536,Madrid Masters,Clay,56,M,20150503,50,104745,3,,Rafael Nadal,L,185,ESP,28.91718001,105777,10,,Grigor Dimitrov,R,188,BUL,23.96714579,6-3 6-4,3,QF,108,4,1,55,38,24,10,9,3,5,4,4,83,53,29,12,10,10,15,4,5390,11,2985
2015-1536,Madrid Masters,Clay,56,M,20150503,53,104745,3,,Rafael Nadal,L,185,ESP,28.91718001,104607,6,,Tomas Berdych,R,196,CZE,29.62628337,7-6(3) 6-1,3,SF,104,2,0,55,37,32,13,10,0,0,8,5,73,33,23,21,9,7,9,4,5390,7,4960
2015-416,Rome Masters,Clay,56,M,20150510,36,104745,4,,Rafael Nadal,L,185,ESP,28.93634497,104947,,Q,Marsel Ilhan,R,190,TUR,27.91512663,6-2 6-0,3,R32,75,2,1,42,26,24,6,7,2,2,4,1,55,29,13,11,7,6,11,7,4990,87,592
2015-416,Rome Masters,Clay,56,M,20150510,46,104745,4,,Rafael Nadal,L,185,ESP,28.93634497,104545,16,,John Isner,R,206,USA,30.03969884,6-4 6-4,3,R16,80,3,3,51,39,35,5,10,0,0,7,2,56,39,32,5,10,4,6,7,4990,17,1855
2015-520,Roland Garros,Clay,128,G,20150524,16,104745,6,,Rafael Nadal,L,185,ESP,28.97467488,111460,,WC,Quentin Halys,R,,FRA,18.57631759,6-3 6-3 6-4,5,R128,110,0,1,72,50,41,14,14,1,2,5,4,87,59,36,10,14,4,9,7,4570,296,159
2015-520,Roland Garros,Clay,128,G,20150524,72,104745,6,,Rafael Nadal,L,185,ESP,28.97467488,104597,,,Nicolas Almagro,R,183,ESP,29.75770021,6-4 6-3 6-1,5,R64,139,5,3,93,63,46,13,13,6,7,2,2,92,62,34,14,13,10,16,7,4570,154,335
2015-520,Roland Garros,Clay,128,G,20150524,100,104745,6,,Rafael Nadal,L,185,ESP,28.97467488,105723,,,Andrey Kuznetsov,R,185,RUS,24.25188227,6-1 6-3 6-2,5,R32,121,1,1,80,47,27,23,12,4,6,2,2,81,44,22,16,12,6,14,7,4570,120,465
2015-520,Roland Garros,Clay,128,G,20150524,114,104745,6,,Rafael Nadal,L,185,ESP,28.97467488,106058,,,Jack Sock,R,185,USA,22.66392882,6-3 6-1 5-7 6-2,5,R16,172,1,2,98,65,45,19,18,3,7,2,9,122,56,31,31,18,12,21,7,4570,37,1125
2015-410,Monte Carlo Masters,Clay,56,M,20150412,53,104925,1,,Novak Djokovic,R,188,SRB,27.89322382,104745,3,,Rafael Nadal,L,185,ESP,28.85968515,6-3 6-3,3,SF,98,1,0,57,43,31,8,9,2,3,2,3,66,43,25,11,9,6,10,1,13205,5,5255
2015-425,Barcelona,Clay,48,A,20150420,40,104926,13,,Fabio Fognini,R,178,ITA,27.90691307,104745,2,,Rafael Nadal,L,185,ESP,28.8788501,6-4 7-6(6),3,R16,121,1,1,87,47,33,20,11,11,14,1,0,71,50,29,11,11,4,8,30,1240,4,5435
2015-1536,Madrid Masters,Clay,56,M,20150503,55,104918,2,,Andy Murray,R,190,GBR,27.96988364,104745,3,,Rafael Nadal,L,185,ESP,28.91718001,6-3 6-2,3,F,89,3,1,52,31,21,17,9,3,3,1,1,47,34,23,6,8,3,6,3,6220,4,5390
2015-416,Rome Masters,Clay,56,M,20150510,51,104527,8,,Stan Wawrinka,R,183,SUI,30.11909651,104745,4,,Rafael Nadal,L,185,ESP,28.93634497,7-6(7) 6-2,3,QF,126,1,2,82,47,30,20,10,7,9,1,0,74,52,35,8,10,3,7,9,3575,7,4990
2015-520,Roland Garros,Clay,128,G,20150524,121,104925,1,,Novak Djokovic,R,188,SRB,28.00821355,104745,6,,Rafael Nadal,L,185,ESP,28.97467488,7-5 6-3 6-1,5,QF,146,3,0,80,50,38,18,14,3,5,3,2,93,56,33,14,14,11,18,1,13845,7,4570
2016-0506,Buenos Aires,Clay,32,A,20160208,293,104745,1,,Rafael Nadal,L,185,ESP,29.68377823,104338,,,Juan Monaco,R,185,ARG,31.86310746,6-4 6-4,3,R16,98,2,2,61,51,32,4,10,3,6,1,0,57,47,21,8,10,3,8,5,4880,55,800
2016-0506,Buenos Aires,Clay,32,A,20160208,297,104745,1,,Rafael Nadal,L,185,ESP,29.68377823,103893,,,Paolo Lorenzi,R,183,ITA,34.14921287,7-6(3) 6-2,3,QF,111,2,1,65,45,33,12,10,3,4,5,1,63,33,25,10,10,2,5,5,4880,52,831
2016-0410,Monte Carlo Masters,Clay,64,M,20160411,277,104745,5,,Rafael Nadal,L,185,ESP,29.85626283,105379,,,Aljaz Bedene,R,181,SLO,26.73237509,6-3 6-3,3,R32,79,2,2,53,36,24,9,9,3,5,1,3,48,25,14,8,9,2,7,5,4955,60,795
2016-0410,Monte Carlo Masters,Clay,64,M,20160411,289,104745,5,,Rafael Nadal,L,185,ESP,29.85626283,106233,12,,Dominic Thiem,R,185,AUT,22.6036961,7-5 6-3,3,R16,123,3,0,79,58,38,12,11,15,17,3,3,73,38,25,16,10,4,8,5,4955,14,2420
2016-0410,Monte Carlo Masters,Clay,64,M,20160411,295,104745,5,,Rafael Nadal,L,185,ESP,29.85626283,104527,4,,Stan Wawrinka,R,183,SUI,31.03901437,6-1 6-4,3,QF,77,2,1,45,26,22,11,9,0,1,3,1,51,26,18,7,8,5,9,5,4955,4,6370
2016-0410,Monte Carlo Masters,Clay,64,M,20160411,298,104745,5,,Rafael Nadal,L,185,ESP,29.85626283,104918,2,,Andy Murray,R,190,GBR,28.90896646,2-6 6-4 6-2,3,SF,163,2,2,90,67,43,13,13,8,11,4,2,87,44,30,19,13,6,10,5,4955,2,7815
2016-0410,Monte Carlo Masters,Clay,64,M,20160411,300,104745,5,,Rafael Nadal,L,185,ESP,29.85626283,104792,13,,Gael Monfils,R,193,FRA,29.60985626,7-5 5-7 6-0,3,F,166,1,4,95,67,47,8,15,8,13,4,7,98,63,33,14,15,13,21,5,4955,16,2220
2016-0425,Barcelona,Clay,64,A,20160418,285,104745,1,,Rafael Nadal,L,185,ESP,29.87542779,104719,,,Marcel Granollers,R,190,ESP,30.01779603,6-3 6-2,3,R32,91,0,0,54,37,28,9,9,3,4,2,3,57,36,18,11,8,12,16,5,5595,50,896
2016-0425,Barcelona,Clay,64,A,20160418,293,104745,1,,Rafael Nadal,L,185,ESP,29.87542779,103656,,WC,Albert Montanes,R,175,ESP,35.39219713,6-2 6-2,3,R16,67,3,0,45,32,23,9,8,0,1,0,2,47,28,16,6,8,2,7,5,5595,104,552
2016-0425,Barcelona,Clay,64,A,20160418,297,104745,1,,Rafael Nadal,L,185,ESP,29.87542779,104926,12,,Fabio Fognini,R,178,ITA,28.90349076,6-2 7-6(1),3,QF,109,2,0,65,52,34,6,10,0,3,2,2,83,57,33,8,10,11,16,5,5595,31,1240
2016-0425,Barcelona,Clay,64,A,20160418,299,104745,1,,Rafael Nadal,L,185,ESP,29.87542779,104259,10,,Philipp Kohlschreiber,R,178,GER,32.5065024,6-3 6-3,3,SF,92,2,0,52,34,28,11,9,1,1,4,3,75,49,28,13,9,5,8,5,5595,27,1330
2016-0425,Barcelona,Clay,64,A,20160418,300,104745,1,,Rafael Nadal,L,185,ESP,29.87542779,105453,2,,Kei Nishikori,R,178,JPN,26.30253251,6-4 7-5,3,F,124,1,1,84,62,37,11,11,10,13,0,0,73,52,29,10,11,7,12,5,5595,6,4490
2016-M021,Madrid Masters,Clay,64,M,20160502,277,104745,5,,Rafael Nadal,L,185,ESP,29.9137577,105723,,,Andrey Kuznetsov,R,185,RUS,25.19096509,6-3 6-3,3,R32,78,4,0,41,33,28,8,9,0,0,0,4,62,34,23,13,9,5,8,5,5915,39,1015
2016-M021,Madrid Masters,Clay,64,M,20160502,289,104745,5,,Rafael Nadal,L,185,ESP,29.9137577,105023,,,Sam Querrey,R,198,USA,28.56947296,6-4 6-2,3,R16,69,1,1,51,39,28,5,9,4,6,9,2,50,34,22,5,9,3,8,5,5915,37,1090
2016-M021,Madrid Masters,Clay,64,M,20160502,295,104745,5,,Rafael Nadal,L,185,ESP,29.9137577,105311,,,Joao Sousa,R,185,POR,27.09103354,6-0 4-6 6-3,3,QF,125,3,0,73,55,40,12,13,2,3,1,1,71,52,35,7,12,9,13,5,5915,35,1181
2016-M009,Rome Masters,Clay,64,M,20160509,282,104745,5,,Rafael Nadal,L,185,ESP,29.93292266,104259,,,Philipp Kohlschreiber,R,178,GER,32.56399726,6-3 6-3,3,R32,83,0,0,49,39,28,7,9,1,2,3,0,59,37,24,8,9,4,8,5,5675,26,1485
2016-M009,Rome Masters,Clay,64,M,20160509,292,104745,5,,Rafael Nadal,L,185,ESP,29.93292266,106401,,,Nick Kyrgios,R,193,AUS,21.0349076,6-7(3) 6-2 6-4,3,R16,159,1,4,93,78,55,8,15,3,4,9,0,118,80,52,17,15,11,15,5,5675,20,1795
2016-520,Roland Garros,Clay,128,G,20160523,116,104745,4,,Rafael Nadal,L,185,ESP,29.97125257,105032,,,Sam Groth,R,193,AUS,28.59411362,6-1 6-1 6-1,5,R128,80,1,0,45,38,34,6,11,0,0,10,9,80,46,26,7,10,6,14,5,5675,100,585
2016-520,Roland Garros,Clay,128,G,20160523,172,104745,4,,Rafael Nadal,L,185,ESP,29.97125257,105487,,,Facundo Bagnis,L,183,ARG,26.23408624,6-3 6-0 6-3,5,R64,104,0,2,72,56,39,9,12,7,9,2,3,77,50,23,12,12,2,10,5,5675,99,590
2016-0506,Buenos Aires,Clay,32,A,20160208,299,106233,5,,Dominic Thiem,R,185,AUT,22.4312115,104745,1,,Rafael Nadal,L,185,ESP,29.68377823,6-4 4-6 7-6(4),3,SF,170,9,1,112,74,50,23,16,4,7,2,3,107,75,53,15,16,5,8,19,1725,5,4880
2016-M021,Madrid Masters,Clay,64,M,20160502,298,104918,2,,Andy Murray,R,190,GBR,28.96646133,104745,5,,Rafael Nadal,L,185,ESP,29.9137577,7-5 6-4,3,SF,131,8,1,90,49,34,19,11,11,13,1,0,62,50,31,4,11,2,6,2,7925,5,5915
2016-M009,Rome Masters,Clay,64,M,20160509,297,104925,1,,Novak Djokovic,R,188,SRB,28.96646133,104745,5,,Rafael Nadal,L,185,ESP,29.93292266,7-5 7-6(4),3,QF,144,3,2,79,56,36,15,12,1,3,2,1,92,76,45,11,12,6,9,1,16550,5,5675
2016-520,Roland Garros,Clay,128,G,20160523,200,104719,,,Marcel Granollers,R,190,ESP,30.11362081,104745,4,,Rafael Nadal,L,185,ESP,29.97125257,W/O,5,R32,,,,,,,,,,,,,,,,,,,,56,844,5,5675
2017-0410,Monte Carlo Masters,Clay,64,M,20170417,274,104745,4,,Rafael Nadal,L,185,ESP,30.87200548,106378,,,Kyle Edmund,R,188,GBR,22.27241615,6-0 5-7 6-3,3,R32,138,1,3,73,48,32,11,13,3,7,0,4,98,66,33,15,14,3,11,7,3735,45,933
2017-0410,Monte Carlo Masters,Clay,64,M,20170417,288,104745,4,,Rafael Nadal,L,185,ESP,30.87200548,100644,14,,Alexander Zverev,R,198,GER,19.99178645,6-1 6-1,3,R16,68,1,2,35,20,16,12,7,0,0,2,1,57,38,18,8,7,7,12,7,3735,20,2005
2017-0410,Monte Carlo Masters,Clay,64,M,20170417,295,104745,4,,Rafael Nadal,L,185,ESP,30.87200548,106043,,,Diego Schwartzman,R,170,ARG,24.66803559,6-4 6-4,3,QF,99,2,1,58,39,22,9,10,2,6,1,0,58,30,15,12,10,2,8,7,3735,41,982
2017-0410,Monte Carlo Masters,Clay,64,M,20170417,298,104745,4,,Rafael Nadal,L,185,ESP,30.87200548,105676,10,,David Goffin,R,180,BEL,26.36002738,6-3 6-1,3,SF,89,4,0,42,28,19,12,8,3,4,4,0,66,36,20,12,8,6,11,7,3735,13,2705
2017-0410,Monte Carlo Masters,Clay,64,M,20170417,300,104745,4,,Rafael Nadal,L,185,ESP,30.87200548,105077,15,,Albert Ramos,L,188,ESP,29.24845996,6-1 6-3,3,F,76,5,1,41,31,25,7,8,0,0,0,2,52,29,16,10,8,7,11,7,3735,24,1625
2017-0425,Barcelona,Clay,64,A,20170424,274,104745,3,,Rafael Nadal,L,185,ESP,30.89117043,104297,,,Rogerio Dutra Silva,R,178,BRA,33.22108145,6-1 6-2,3,R32,74,2,1,44,25,17,13,8,1,2,0,3,45,27,12,6,7,2,7,5,4235,69,715
2017-0425,Barcelona,Clay,64,A,20170424,288,104745,3,,Rafael Nadal,L,185,ESP,30.89117043,104731,,,Kevin Anderson,R,203,RSA,30.93497604,6-3 6-4,3,R16,93,1,0,49,36,31,9,10,0,0,5,1,74,49,31,11,9,8,10,5,4235,66,730
2017-0425,Barcelona,Clay,64,A,20170424,295,104745,3,,Rafael Nadal,L,185,ESP,30.89117043,111202,,Q,Hyeon Chung,R,188,KOR,20.93086927,7-6(1) 6-2,3,QF,104,1,1,60,43,35,9,10,1,2,1,2,68,40,26,12,10,2,5,5,4235,94,579
2017-0425,Barcelona,Clay,64,A,20170424,298,104745,3,,Rafael Nadal,L,185,ESP,30.89117043,104547,,,Horacio Zeballos,L,188,ARG,31.99178645,6-3 6-4,3,SF,94,1,0,59,44,34,10,10,5,5,2,2,58,34,20,14,9,3,5,5,4235,84,634
2017-0425,Barcelona,Clay,64,A,20170424,300,104745,3,,Rafael Nadal,L,185,ESP,30.89117043,106233,4,,Dominic Thiem,R,185,AUT,23.6386037,6-4 6-1,3,F,90,1,0,53,35,25,13,9,1,1,4,0,61,37,22,10,8,5,8,5,4235,9,3385
2017-M021,Madrid Masters,Clay,64,M,20170508,274,104745,4,,Rafael Nadal,L,185,ESP,30.92950034,104926,,,Fabio Fognini,R,178,ITA,29.95756331,7-6(3) 3-6 6-4,3,R32,177,5,5,122,77,52,22,15,12,16,3,3,111,76,50,15,16,7,11,5,4375,29,1235
2017-M021,Madrid Masters,Clay,64,M,20170508,288,104745,4,,Rafael Nadal,L,185,ESP,30.92950034,106401,16,,Nick Kyrgios,R,193,AUS,22.03148528,6-3 6-1,3,R16,72,5,1,40,30,23,7,8,1,2,3,4,67,45,23,7,8,6,11,5,4375,20,2155
2017-M021,Madrid Masters,Clay,64,M,20170508,295,104745,4,,Rafael Nadal,L,185,ESP,30.92950034,105676,9,,David Goffin,R,180,BEL,26.41752225,7-6(3) 6-2,3,QF,119,0,0,66,46,35,13,10,5,5,2,3,82,50,32,14,10,12,14,5,4375,10,3055
2017-M021,Madrid Masters,Clay,64,M,20170508,298,104745,4,,Rafael Nadal,L,185,ESP,30.92950034,104925,2,,Novak Djokovic,R,188,SRB,29.96303901,6-2 6-4,3,SF,98,2,1,57,36,28,10,9,1,2,4,2,56,39,22,7,9,2,6,5,4375,2,7085
2017-M021,Madrid Masters,Clay,64,M,20170508,300,104745,4,,Rafael Nadal,L,185,ESP,30.92950034,106233,8,,Dominic Thiem,R,185,AUT,23.67693361,7-6(8) 6-4,3,F,137,4,4,87,60,43,16,11,5,6,4,1,80,59,40,11,11,6,8,5,4375,9,3615
2017-M009,Rome Masters,Clay,64,M,20170515,274,104745,4,,Rafael Nadal,L,185,ESP,30.9486653,104597,,Q,Nicolas Almagro,R,183,ESP,31.73169062,3-0 RET,3,R32,24,2,0,9,5,5,3,2,0,0,2,0,21,15,8,2,1,5,6,4,5195,73,703
2017-M009,Rome Masters,Clay,64,M,20170515,288,104745,4,,Rafael Nadal,L,185,ESP,30.9486653,106058,13,,Jack Sock,R,185,USA,24.63791923,6-3 6-4,3,R16,80,3,0,54,35,29,10,10,1,2,0,1,41,22,13,11,9,0,3,4,5195,14,2370
2017-520,Roland Garros,Clay,128,G,20170529,147,104745,4,,Rafael Nadal,L,185,ESP,30.98699521,105332,,,Benoit Paire,R,196,FRA,28.05749487,6-1 6-4 6-1,5,R128,112,1,2,66,42,28,17,12,2,4,0,2,82,40,20,16,12,10,18,4,5375,45,950
2017-520,Roland Garros,Clay,128,G,20170529,187,104745,4,,Rafael Nadal,L,185,ESP,30.98699521,104898,,,Robin Haase,R,190,NED,30.14647502,6-1 6-4 6-3,5,R64,109,4,1,66,46,35,17,13,0,0,6,4,80,51,32,14,13,5,10,4,5375,46,948
2017-520,Roland Garros,Clay,128,G,20170529,207,104745,4,,Rafael Nadal,L,185,ESP,30.98699521,105932,,,Nikoloz Basilashvili,R,185,GEO,25.26214921,6-0 6-1 6-0,5,R32,90,3,0,53,29,22,19,10,3,3,1,2,65,48,19,5,9,8,16,4,5375,63,811
2017-520,Roland Garros,Clay,128,G,20170529,217,104745,4,,Rafael Nadal,L,185,ESP,30.98699521,105138,17,,Roberto Bautista Agut,R,183,ESP,29.12251882,6-1 6-2 6-2,5,R16,110,4,2,68,42,29,19,12,3,4,0,1,76,58,30,6,11,11,18,4,5375,18,2155
2017-520,Roland Garros,Clay,128,G,20170529,222,104745,4,,Rafael Nadal,L,185,ESP,30.98699521,105807,20,,Pablo Carreno Busta,R,188,ESP,25.88090349,6-2 2-0 RET,5,QF,51,0,0,26,17,8,6,5,0,2,0,2,28,22,8,0,5,0,5,4,5375,21,2045
2017-520,Roland Garros,Clay,128,G,20170529,225,104745,4,,Rafael Nadal,L,185,ESP,30.98699521,106233,6,,Dominic Thiem,R,185,AUT,23.73442847,6-3 6-4 6-0,5,SF,127,2,2,74,49,35,19,13,7,8,3,3,81,43,27,14,12,4,10,4,5375,7,4145
2017-520,Roland Garros,Clay,128,G,20170529,226,104745,4,,Rafael Nadal,L,185,ESP,30.98699521,104527,3,,Stan Wawrinka,R,183,SUI,32.16974675,6-2 6-3 6-1,5,F,125,4,0,65,42,35,15,12,1,1,1,0,86,50,26,16,12,7,13,4,5375,3,5695
2017-M009,Rome Masters,Clay,64,M,20170515,295,106233,8,,Dominic Thiem,R,185,AUT,23.69609856,104745,4,,Rafael Nadal,L,185,ESP,30.9486653,6-4 6-3,3,QF,111,2,2,67,41,28,15,9,6,7,1,0,70,53,29,9,10,4,8,7,4035,4,5195
2018-0410,Monte Carlo Masters,Clay,64,M,20180416,285,104745,1,,Rafael Nadal,L,185,ESP,31.86858316,105379,,,Aljaz Bedene,R,181,SLO,28.74469541,6-1 6-3,3,R32,78,0,0,48,32,24,11,8,2,2,2,1,51,31,19,8,8,4,8,1,8770,58,877
2018-0410,Monte Carlo Masters,Clay,64,M,20180416,293,104745,1,,Rafael Nadal,L,185,ESP,31.86858316,111575,,,Karen Khachanov,R,198,RUS,21.9028063,6-3 6-2,3,R16,79,3,1,45,28,22,11,9,0,1,1,2,46,20,10,13,8,3,7,1,8770,38,1255
2018-0410,Monte Carlo Masters,Clay,64,M,20180416,297,104745,1,,Rafael Nadal,L,185,ESP,31.86858316,106233,5,,Dominic Thiem,R,185,AUT,24.61601643,6-0 6-2,3,QF,68,0,1,35,25,21,8,7,0,0,4,5,51,21,11,11,7,7,12,1,8770,7,3665
2018-0410,Monte Carlo Masters,Clay,64,M,20180416,299,104745,1,,Rafael Nadal,L,185,ESP,31.86858316,105777,4,,Grigor Dimitrov,R,188,BUL,26.91854894,6-4 6-1,3,SF,92,0,1,53,35,22,13,9,1,2,2,5,52,33,20,5,8,4,8,1,8770,5,4635
2018-0410,Monte Carlo Masters,Clay,64,M,20180416,300,104745,1,,Rafael Nadal,L,185,ESP,31.86858316,105453,,,Kei Nishikori,R,178,JPN,28.29568789,6-3 6-2,3,F,93,1,3,54,38,28,9,9,1,2,1,2,54,28,15,13,8,4,8,1,8770,36,1280
2018-0425,Barcelona,Clay,64,A,20180423,285,104745,1,,Rafael Nadal,L,185,ESP,31.88774812,106148,,,Roberto Carballes Baena,R,183,ESP,25.08418891,6-4 6-4,3,R32,111,1,0,62,39,26,14,10,3,5,2,6,65,38,29,8,10,3,7,1,8770,77,710
2018-0425,Barcelona,Clay,64,A,20180423,293,104745,1,,Rafael Nadal,L,185,ESP,31.88774812,104198,,,Guillermo Garcia Lopez,R,188,ESP,34.88569473,6-1 6-3,3,R16,79,0,0,46,25,15,14,8,0,1,1,4,50,22,12,11,8,2,7,1,8770,69,789
2018-0425,Barcelona,Clay,64,A,20180423,297,104745,1,,Rafael Nadal,L,185,ESP,31.88774812,105373,,Q,Martin Klizan,L,190,SVK,28.78302533,6-0 7-5,3,QF,105,2,3,51,28,19,17,9,1,2,2,1,72,46,26,10,9,6,11,1,8770,140,396
2018-0425,Barcelona,Clay,64,A,20180423,299,104745,1,,Rafael Nadal,L,185,ESP,31.88774812,105676,4,,David Goffin,R,180,BEL,27.37577002,6-4 6-0,3,SF,82,2,0,42,26,20,11,8,0,1,1,1,60,39,21,6,8,6,11,1,8770,10,2930
2018-0425,Barcelona,Clay,64,A,20180423,300,104745,1,,Rafael Nadal,L,185,ESP,31.88774812,126774,,,Stefanos Tsitsipas,R,193,GRE,19.69609856,6-2 6-1,3,F,78,0,3,49,35,27,6,7,3,3,3,1,41,25,15,3,8,5,10,1,8770,63,822
2018-M021,Madrid Masters,Clay,64,M,20180507,285,104745,1,,Rafael Nadal,L,185,ESP,31.92607803,104792,,,Gael Monfils,R,193,FRA,31.67967146,6-3 6-1,3,R32,73,1,0,45,30,26,9,8,3,3,3,2,49,32,20,7,8,6,10,1,8770,41,1175
2018-M021,Madrid Masters,Clay,64,M,20180507,293,104745,1,,Rafael Nadal,L,185,ESP,31.92607803,106043,13,,Diego Schwartzman,R,170,ARG,25.72210815,6-3 6-4,3,R16,104,1,1,63,44,29,14,10,3,4,1,3,62,34,20,16,9,4,7,1,8770,16,2085
2018-M009,Rome Masters,Clay,64,M,20180514,285,104745,1,,Rafael Nadal,L,185,ESP,31.94524298,106000,,,Damir Dzumhur,R,172,BIH,25.98220397,6-1 6-0,3,R32,60,0,1,37,25,19,9,7,0,0,2,1,46,31,17,1,6,3,8,2,7950,31,1415
2018-M009,Rome Masters,Clay,64,M,20180514,293,104745,1,,Rafael Nadal,L,185,ESP,31.94524298,133430,,,Denis Shapovalov,L,185,CAN,19.08008214,6-4 6-1,3,R16,82,2,1,37,31,28,4,8,0,0,5,6,72,46,26,11,9,9,13,2,7950,29,1488
2018-M009,Rome Masters,Clay,64,M,20180514,297,104745,1,,Rafael Nadal,L,185,ESP,31.94524298,104926,,,Fabio Fognini,R,178,ITA,30.97330595,4-6 6-1 6-2,3,QF,134,3,1,74,46,35,16,13,3,5,3,0,82,54,33,10,12,2,7,2,7950,21,1805
2018-M009,Rome Masters,Clay,64,M,20180514,299,104745,1,,Rafael Nadal,L,185,ESP,31.94524298,104925,11,,Novak Djokovic,R,188,SRB,30.97878166,7-6(4) 6-3,3,SF,116,1,2,65,39,25,18,10,2,3,4,0,63,45,27,11,11,2,5,2,7950,18,1905
2018-M009,Rome Masters,Clay,64,M,20180514,300,104745,1,,Rafael Nadal,L,185,ESP,31.94524298,100644,2,,Alexander Zverev,R,198,GER,21.06502396,6-1 1-6 6-3,3,F,129,0,1,72,47,27,17,12,7,11,2,1,65,41,23,11,11,1,6,2,7950,3,6015
2018-520,Roland Garros,Clay,128,G,20180528,100,104745,1,,Rafael Nadal,L,185,ESP,31.9835729,104620,,LL,Simone Bolelli,R,183,ITA,32.63518138,6-4 6-3 7-6(9),5,R128,177,2,3,109,63,47,27,16,5,7,2,1,107,82,46,16,15,6,10,1,8770,129,430
2018-520,Roland Garros,Clay,128,G,20180528,164,104745,1,,Rafael Nadal,L,185,ESP,31.9835729,105550,,,Guido Pella,L,185,ARG,28.03011636,6-2 6-1 6-1,5,R64,123,4,3,60,34,29,17,11,4,4,8,4,92,50,33,11,11,13,20,1,8770,78,728
2018-520,Roland Garros,Clay,128,G,20180528,196,104745,1,,Rafael Nadal,L,185,ESP,31.9835729,104755,27,,Richard Gasquet,R,185,FRA,31.94250513,6-3 6-2 6-2,5,R32,118,3,2,63,39,33,17,13,1,2,8,1,87,48,28,16,12,3,9,1,8770,32,1395
2018-520,Roland Garros,Clay,128,G,20180528,212,104745,1,,Rafael Nadal,L,185,ESP,31.9835729,109739,,,Maximilian Marterer,L,,GER,22.95140315,6-3 6-2 7-6(4),5,R16,150,4,3,91,60,42,19,15,3,5,2,3,93,63,33,17,14,5,10,1,8770,70,831
2018-520,Roland Garros,Clay,128,G,20180528,220,104745,1,,Rafael Nadal,L,185,ESP,31.9835729,106043,11,,Diego Schwartzman,R,170,ARG,25.77960301,4-6 6-3 6-2 6-2,5,QF,222,1,3,129,74,45,30,18,15,20,1,3,118,69,38,18,17,9,18,1,8770,12,2165
2018-520,Roland Garros,Clay,128,G,20180528,224,104745,1,,Rafael Nadal,L,185,ESP,31.9835729,105223,5,,Juan Martin del Potro,R,198,ARG,29.67556468,6-4 6-1 6-2,5,SF,134,0,3,83,51,37,21,13,7,7,2,1,65,49,28,8,12,4,9,1,8770,6,4450
2018-520,Roland Garros,Clay,128,G,20180528,226,104745,1,,Rafael Nadal,L,185,ESP,31.9835729,106233,7,,Dominic Thiem,R,185,AUT,24.73100616,6-4 6-3 6-2,5,F,162,0,3,82,56,46,12,14,2,3,7,5,102,59,40,15,13,12,17,1,8770,8,3355
2018-M021,Madrid Masters,Clay,64,M,20180507,297,106233,5,,Dominic Thiem,R,185,AUT,24.67351129,104745,1,,Rafael Nadal,L,185,ESP,31.92607803,7-5 6-3,3,QF,116,2,5,60,39,29,9,10,3,5,3,2,77,45,29,11,11,7,12,7,3545,1,8770
2019-0410,Monte Carlo Masters,Clay,64,M,20190415,294,104745,2,,Rafael Nadal,L,185,ESP,32.86516085,105550,,,Guido Pella,L,185,ARG,28.91170431,7-6(1) 6-3,3,QF,140,4,3,73,48,28,11,10,8,13,1,4,89,58,27,13,11,6,13,2,8725,35,1205
2019-0410,Monte Carlo Masters,Clay,64,M,20190415,286,104745,2,,Rafael Nadal,L,185,ESP,32.86516085,105777,,,Grigor Dimitrov,R,188,BUL,27.91512663,6-4 6-1,3,R16,94,1,3,58,32,26,12,9,1,2,3,4,52,25,17,10,8,4,8,2,8725,28,1300
2019-0410,Monte Carlo Masters,Clay,64,M,20190415,270,104745,2,,Rafael Nadal,L,185,ESP,32.86516085,105138,,,Roberto Bautista Agut,R,183,ESP,31.00068446,6-1 6-1,3,R32,76,0,3,47,28,18,14,7,5,5,0,0,40,23,9,8,7,3,8,2,8725,22,1680
2019-0425,Barcelona,Clay,64,A,20190422,297,104745,1,,Rafael Nadal,L,185,ESP,32.8843258,105526,,,Jan Lennard Struff,R,193,GER,28.99110198,7-5 7-5,3,QF,103,3,0,59,44,32,13,12,1,2,9,5,70,31,26,19,12,4,7,2,8085,51,945
2019-0425,Barcelona,Clay,64,A,20190422,293,104745,1,,Rafael Nadal,L,185,ESP,32.8843258,103970,,WC,David Ferrer,R,175,ESP,37.05407255,6-3 6-3,3,R16,116,0,1,61,43,28,10,9,4,5,2,5,67,42,24,13,9,8,12,2,8085,155,355
2019-0425,Barcelona,Clay,64,A,20190422,285,104745,1,,Rafael Nadal,L,185,ESP,32.8843258,104919,,,Leonardo Mayer,R,188,ARG,31.93702943,6-7(7) 6-4 6-2,3,R32,169,1,2,91,59,41,22,15,2,3,4,4,104,62,36,27,15,3,7,2,8085,63,850
2019-M021,Madrid Masters,Clay,64,M,20190506,294,104745,2,,Rafael Nadal,L,185,ESP,32.92265572,104527,,,Stan Wawrinka,R,183,SUI,34.10540726,6-1 6-2,3,QF,68,0,0,39,28,22,10,8,0,0,3,2,45,26,14,6,7,6,10,2,7765,34,1230
2019-M021,Madrid Masters,Clay,64,M,20190506,286,104745,2,,Rafael Nadal,L,185,ESP,32.92265572,126207,,,Frances Tiafoe,R,188,USA,21.28952772,6-3 6-4,3,R16,92,6,0,51,33,29,12,10,1,1,1,1,58,45,29,6,9,2,4,2,7765,37,1185
2019-M021,Madrid Masters,Clay,64,M,20190506,270,104745,2,,Rafael Nadal,L,185,ESP,32.92265572,200000,,WC,Felix Auger Aliassime,R,193,CAN,18.74058864,6-3 6-3,3,R32,97,2,3,45,32,27,7,9,0,1,3,3,62,37,24,9,9,6,10,2,7765,30,1319
2019-M009,Rome Masters,Clay,64,M,20190513,300,104745,2,,Rafael Nadal,L,185,ESP,32.94182067,104925,1,,Novak Djokovic,R,188,SRB,31.97535934,6-0 4-6 6-1,3,F,145,0,0,66,48,35,11,11,1,2,7,1,96,72,43,7,12,11,17,2,7945,1,12115
2019-M009,Rome Masters,Clay,64,M,20190513,298,104745,2,,Rafael Nadal,L,185,ESP,32.94182067,126774,8,,Stefanos Tsitsipas,R,193,GRE,20.75017112,6-3 6-4,3,SF,102,1,1,59,35,25,19,10,2,2,7,1,53,34,26,8,9,2,4,2,7945,7,3790
2019-M009,Rome Masters,Clay,64,M,20190513,294,104745,2,,Rafael Nadal,L,185,ESP,32.94182067,104269,,,Fernando Verdasco,L,188,ESP,35.49075975,6-4 6-0,3,QF,98,2,1,59,41,31,7,8,8,9,0,5,52,34,18,4,8,3,8,2,7945,38,1200
2019-M009,Rome Masters,Clay,64,M,20190513,286,104745,2,,Rafael Nadal,L,185,ESP,32.94182067,105932,14,,Nikoloz Basilashvili,R,185,GEO,27.21697467,6-1 6-0,3,R16,62,1,1,37,25,20,9,7,1,1,1,3,44,32,12,5,6,6,11,2,7945,18,1905
2019-M009,Rome Masters,Clay,64,M,20190513,270,104745,2,,Rafael Nadal,L,185,ESP,32.94182067,104871,,,Jeremy Chardy,R,188,FRA,32.24640657,6-0 6-1,3,R32,67,1,1,39,25,17,12,7,1,1,0,4,46,25,11,8,6,2,7,2,7945,42,1040
2019-520,Roland Garros,Clay,128,G,20190527,1164,104745,2,,Rafael Nadal,L,185,ESP,32.98015058,105870,,Q,Yannick Hanfmann,R,193,GER,27.53456537,6-2 6-1 6-3,5,R128,117,5,2,68,47,39,13,12,4,4,2,2,84,48,27,15,12,4,10,2,7945,180,284
2019-520,Roland Garros,Clay,128,G,20190527,1232,104745,2,,Rafael Nadal,L,185,ESP,32.98015058,120424,,Q,Yannick Maden,R,185,GER,29.57700205,6-1 6-2 6-4,5,R64,129,3,3,72,46,34,16,13,0,2,1,1,74,47,27,7,12,4,11,2,7945,114,504
2019-520,Roland Garros,Clay,128,G,20190527,1316,104745,2,,Rafael Nadal,L,185,ESP,32.98015058,105676,27,,David Goffin,R,180,BEL,28.46817248,6-1 6-3 4-6 6-3,5,R32,169,5,5,96,56,44,28,18,1,2,3,1,105,63,40,22,17,5,10,2,7945,29,1325
2019-520,Roland Garros,Clay,128,G,20190527,1408,104745,2,,Rafael Nadal,L,185,ESP,32.98015058,106228,,,Juan Ignacio Londero,R,,ARG,25.77960301,6-2 6-3 6-3,5,R16,133,6,1,76,54,40,13,13,4,5,4,2,82,47,30,13,13,6,12,2,7945,78,695
2019-520,Roland Garros,Clay,128,G,20190527,1504,104745,2,,Rafael Nadal,L,185,ESP,32.98015058,105453,7,,Kei Nishikori,R,178,JPN,29.4072553,6-1 6-1 6-3,5,QF,111,3,3,69,50,38,10,12,4,5,2,1,74,54,24,10,11,4,11,2,7945,7,3860
2019-520,Roland Garros,Clay,128,G,20190527,1602,104745,2,,Rafael Nadal,L,185,ESP,32.98015058,103819,3,,Roger Federer,R,185,SUI,37.79876797,6-3 6-4 6-2,5,SF,145,3,1,88,72,49,9,14,2,4,3,1,93,55,34,15,13,10,16,2,7945,3,5950
2019-520,Roland Garros,Clay,128,G,20190527,1701,104745,2,,Rafael Nadal,L,185,ESP,32.98015058,106233,4,,Dominic Thiem,R,185,AUT,25.72758385,6-3 5-7 6-1 6-1,5,F,181,3,0,106,78,57,18,18,4,6,7,1,92,64,37,14,17,6,13,2,7945,4,4685
2019-0410,Monte Carlo Masters,Clay,64,M,20190415,298,104926,13,,Fabio Fognini,R,178,ITA,31.89322382,104745,2,,Rafael Nadal,L,185,ESP,32.86516085,6-4 6-2,3,SF,96,1,1,50,24,15,14,9,1,4,0,2,59,41,18,7,9,4,10,18,1885,2,8725
2019-0425,Barcelona,Clay,64,A,20190422,299,106233,3,,Dominic Thiem,R,185,AUT,25.63175907,104745,1,,Rafael Nadal,L,185,ESP,32.8843258,6-4 6-4,3,SF,124,5,0,57,41,31,11,10,3,3,1,5,80,59,38,9,10,10,12,5,4675,2,8085
2019-M021,Madrid Masters,Clay,64,M,20190506,298,126774,8,,Stefanos Tsitsipas,R,193,GRE,20.73100616,104745,2,,Rafael Nadal,L,185,ESP,32.92265572,6-4 2-6 6-3,3,SF,154,5,1,86,60,34,11,13,11,16,1,1,94,69,41,11,14,8,14,9,3190,2,7765
2020-M009,Rome Masters,Clay,64,M,20200914,286,104745,2,,Rafael Nadal,L,185,ESP,34.28336756,105583,,,Dusan Lajovic,R,180,SRB,30.20944559,6-1 6-3,3,R16,90,2,1,41,27,17,9,8,2,4,1,4,62,42,17,9,8,8,14,2,9850,25,1695
2020-M009,Rome Masters,Clay,64,M,20200914,270,104745,2,,Rafael Nadal,L,185,ESP,34.28336756,105807,,,Pablo Carreno Busta,R,188,ESP,29.17727584,6-1 6-1,3,R32,73,2,2,39,19,15,16,7,1,1,0,1,56,41,19,5,7,4,9,2,9850,18,2130
2020-520,Roland Garros,Clay,128,G,20200928,1164,104745,2,,Rafael Nadal,L,185,ESP,34.32169747,106078,,,Egor Gerasimov,R,196,BLR,27.87953457,6-4 6-4 6-2,5,R128,125,3,2,71,45,37,17,14,1,2,8,1,77,49,34,9,14,0,5,2,9850,83,750
2020-520,Roland Garros,Clay,128,G,20200928,1232,104745,2,,Rafael Nadal,L,185,ESP,34.32169747,111456,,,Mackenzie Mcdonald,R,,USA,25.45379877,6-1 6-0 6-3,5,R64,100,1,4,72,49,37,14,11,0,0,1,2,60,40,18,8,11,1,8,2,9850,236,217
2020-520,Roland Garros,Clay,128,G,20200928,1316,104745,2,,Rafael Nadal,L,185,ESP,34.32169747,105882,,,Stefano Travaglia,R,185,ITA,28.75290897,6-1 6-4 6-0,5,R32,95,2,0,62,45,35,14,12,0,0,1,1,59,42,23,5,11,1,7,2,9850,74,794
2020-520,Roland Garros,Clay,128,G,20200928,1408,104745,2,,Rafael Nadal,L,185,ESP,34.32169747,200624,,Q,Sebastian Korda,R,196,USA,20.23271732,6-1 6-1 6-2,5,R16,115,1,1,78,53,33,18,11,5,6,0,2,68,46,18,10,11,3,11,2,9850,213,252
2020-520,Roland Garros,Clay,128,G,20200928,1504,104745,2,,Rafael Nadal,L,185,ESP,34.32169747,206173,,,Jannik Sinner,R,188,ITA,19.11841205,7-6(4) 6-4 6-1,5,QF,169,0,1,97,63,42,20,15,5,7,2,3,93,63,36,13,14,2,8,2,9850,75,788
2020-520,Roland Garros,Clay,128,G,20200928,1602,104745,2,,Rafael Nadal,L,185,ESP,34.32169747,106043,12,,Diego Schwartzman,R,170,ARG,28.11772758,6-3 6-3 7-6(0),5,SF,189,3,0,117,81,55,19,15,9,12,2,3,84,50,31,13,15,3,9,2,9850,14,2505
2020-520,Roland Garros,Clay,128,G,20200928,1701,104745,1,,Rafael Nadal,L,185,ESP,34.32169747,104925,2,,Novak Djokovic,R,188,SRB,33.35523614,6-0 6-2 7-5,5,F,161,4,1,84,55,37,19,13,4,5,1,4,99,66,33,16,13,11,18,2,9850,1,11260
2020-M009,Rome Masters,Clay,64,M,20200914,294,106043,8,,Diego Schwartzman,R,170,ARG,28.07939767,104745,2,,Rafael Nadal,L,185,ESP,34.28336756,6-2 7-5,3,QF,123,0,0,60,36,23,14,10,3,5,2,0,63,27,13,16,10,4,9,15,2265,2,9850
2021-0410,Monte Carlo Masters,Clay,64,M,20210412,274,104745,3,,Rafael Nadal,L,185,ESP,34.85831622,105643,,Q,Federico Delbonis,L,190,ARG,30.51882272,6-1 6-2,3,R32,80,2,2,52,33,24,11,8,4,5,0,4,49,31,17,4,7,6,11,3,9670,87,884
2021-0410,Monte Carlo Masters,Clay,64,M,20210412,288,104745,3,,Rafael Nadal,L,185,ESP,34.85831622,105777,14,,Grigor Dimitrov,R,188,BUL,29.908282,6-1 6-1,3,R16,55,3,1,37,24,19,10,7,0,0,3,5,44,25,12,6,7,4,9,3,9670,17,2598
2021-0416,Rome Masters,Clay,64,M,20210510,270,104745,2,,Rafael Nadal,L,185,ESP,34.93497604,206173,,,Jannik Sinner,R,188,ITA,19.73169062,7-5 6-4,3,R32,130,0,1,61,30,21,17,11,1,4,1,2,78,42,25,16,11,10,15,3,9630,18,2545
2021-0416,Rome Masters,Clay,64,M,20210510,286,104745,2,,Rafael Nadal,L,185,ESP,34.93497604,133430,13,,Denis Shapovalov,L,185,CAN,22.0698152,3-6 6-4 7-6(3),3,R16,207,2,2,119,82,53,17,16,5,10,12,5,114,66,45,20,15,10,14,3,9630,14,2855
2021-0416,Rome Masters,Clay,64,M,20210510,294,104745,2,,Rafael Nadal,L,185,ESP,34.93497604,100644,6,,Alexander Zverev,R,198,GER,24.05475702,6-3 6-4,3,QF,119,1,0,69,50,29,15,10,9,10,6,3,64,44,28,8,9,3,6,3,9630,6,6945
2021-0416,Rome Masters,Clay,64,M,20210510,298,104745,2,,Rafael Nadal,L,185,ESP,34.93497604,124187,,,Reilly Opelka,R,211,USA,23.69883641,6-4 6-4,3,SF,92,5,1,57,43,36,8,10,4,4,11,1,61,32,27,15,10,5,7,3,9630,47,1382
2021-0416,Rome Masters,Clay,64,M,20210510,300,104745,2,,Rafael Nadal,L,185,ESP,34.93497604,104925,1,,Novak Djokovic,R,188,SRB,33.96851472,7-5 1-6 6-3,3,F,169,3,1,96,72,47,11,14,5,8,5,4,95,63,41,15,14,3,6,3,9630,1,11463
2021-0425,Barcelona,Clay,64,A,20210419,285,104745,1,,Rafael Nadal,L,185,ESP,34.87748118,125802,,Q,Ilya Ivashka,R,193,BLR,27.14852841,3-6 6-2 6-4,3,R32,139,1,2,81,50,40,16,14,1,3,6,1,80,52,36,13,13,3,6,3,9490,111,713
2021-0425,Barcelona,Clay,64,A,20210419,293,104745,1,,Rafael Nadal,L,185,ESP,34.87748118,105453,,,Kei Nishikori,R,178,JPN,31.3045859,6-0 2-6 6-2,3,R16,139,2,3,82,49,32,17,11,11,13,2,1,79,49,27,14,11,6,11,3,9490,39,1543
2021-0425,Barcelona,Clay,64,A,20210419,297,104745,1,,Rafael Nadal,L,185,ESP,34.87748118,111815,,,Cameron Norrie,L,188,GBR,25.65639973,6-1 6-4,3,QF,94,4,2,57,34,24,13,9,2,3,0,5,55,28,16,11,8,4,8,3,9490,58,1130
2021-0425,Barcelona,Clay,64,A,20210419,299,104745,1,,Rafael Nadal,L,185,ESP,34.87748118,105807,6,,Pablo Carreno Busta,R,188,ESP,29.77138946,6-3 6-2,3,SF,89,3,3,56,35,27,11,9,3,4,4,1,53,44,24,3,8,6,10,3,9490,13,2880
2021-0425,Barcelona,Clay,64,A,20210419,300,104745,1,,Rafael Nadal,L,185,ESP,34.87748118,126774,2,,Stefanos Tsitsipas,R,193,GRE,22.68583162,6-4 6-7(6) 7-5,3,F,218,2,5,122,78,54,24,17,11,13,5,3,120,74,55,20,17,8,12,3,9490,5,7860
2021-1536,Madrid Masters,Clay,64,M,20210503,285,104745,1,,Rafael Nadal,L,185,ESP,34.91581109,207989,,WC,Carlos Alcaraz,R,185,ESP,17.99589322,6-1 6-2,3,R32,77,1,3,45,26,21,11,8,2,3,0,3,38,22,9,5,7,2,7,2,9810,120,654
2021-1536,Madrid Masters,Clay,64,M,20210503,293,104745,1,,Rafael Nadal,L,185,ESP,34.91581109,200615,,Q,Alexei Popyrin,R,196,AUS,21.74401095,6-3 6-3,3,R16,79,1,0,55,35,25,12,9,5,6,8,4,47,24,20,7,9,2,6,2,9810,76,949
2021-520,Roland Garros,Clay,128,G,20210531,116,104745,3,,Rafael Nadal,L,185,ESP,34.99247091,200615,,,Alexei Popyrin,R,196,AUS,21.82067077,6-3 6-2 7-6(3),5,R128,143,7,5,93,59,48,19,15,3,4,8,5,89,51,40,17,14,7,11,3,9630,63,1052
2021-520,Roland Garros,Clay,128,G,20210531,172,104745,3,,Rafael Nadal,L,185,ESP,34.99247091,104755,,,Richard Gasquet,R,185,FRA,34.95140315,6-0 7-5 6-2,5,R64,134,3,3,77,45,38,15,13,3,4,2,5,91,47,33,12,13,9,16,3,9630,53,1213
2021-520,Roland Garros,Clay,128,G,20210531,200,104745,3,,Rafael Nadal,L,185,ESP,34.99247091,111815,,,Cameron Norrie,L,188,GBR,25.77138946,6-3 6-3 6-3,5,R32,127,3,2,76,47,37,16,14,1,3,2,1,81,48,27,15,13,6,12,3,9630,45,1430
2021-520,Roland Garros,Clay,128,G,20210531,214,104745,3,,Rafael Nadal,L,185,ESP,34.99247091,206173,18,,Jannik Sinner,R,188,ITA,19.78918549,7-5 6-3 6-0,5,R16,137,4,7,83,48,39,15,14,3,7,0,4,76,50,21,10,13,5,14,3,9630,19,2500
2021-520,Roland Garros,Clay,128,G,20210531,221,104745,3,,Rafael Nadal,L,185,ESP,34.99247091,106043,10,,Diego Schwartzman,R,170,ARG,28.78850103,6-3 4-6 6-4 6-0,5,QF,165,6,3,91,60,44,21,18,1,4,3,3,94,59,35,16,17,7,14,3,9630,10,3465
2021-0410,Monte Carlo Masters,Clay,64,M,20210412,295,126094,6,,Andrey Rublev,R,188,RUS,23.4770705,104745,3,,Rafael Nadal,L,185,ESP,34.85831622,6-2 4-6 6-2,3,QF,152,2,2,98,60,39,16,13,8,12,1,7,88,52,29,15,13,8,15,8,5400,3,9670
2021-1536,Madrid Masters,Clay,64,M,20210503,297,100644,5,,Alexander Zverev,R,198,GER,24.03559206,104745,1,,Rafael Nadal,L,185,ESP,34.91581109,6-4 6-4,3,QF,104,4,5,55,34,28,9,10,1,2,0,3,66,42,26,12,10,3,6,6,6125,2,9810
2021-520,Roland Garros,Clay,128,G,20210531,224,104925,1,,Novak Djokovic,R,188,SRB,34.02600958,104745,3,,Rafael Nadal,L,185,ESP,34.99247091,3-6 6-3 7-6(4) 6-2,5,SF,251,6,3,133,85,55,24,19,10,16,6,8,133,86,51,19,19,14,22,1,11313,3,9630
